Flowable,Alternate Unit ,Reference Unit,Conversion Factor,External Reference,UUID
"processed water to lake, regionalized, JP",m3,kg,1000.0,added,00844ece-a1e9-4241-82ab-c19411c8c6cb
"river water to turbine, regionalized, CH",m3,kg,1000.0,added,00c5e2ab-2e95-497d-be89-249424e76550
"processed water to groundwater, regionalized, ES",m3,kg,1000.0,added,00ca4a38-38a3-4820-b33e-da1a1788728e
Process water,m3,kg,1000.0,added,0123d60d-1c78-4a38-9fa0-90b1b6c9491e
"cooling water to lake, regionalized, MX",m3,kg,1000.0,added,012ef128-7f29-4c11-b257-61fa2e515cf5
"river water, regionalized, NO",m3,kg,1000.0,added,0139d629-47e1-4c7d-b230-5449b4ecae0e
"turbined water to lake, regionalized, CI",m3,kg,1000.0,added,018adb41-0db3-4572-9a71-96cdf874777b
"processed water to river, regionalized, HU",m3,kg,1000.0,added,019db043-faff-4733-83e0-506bc1d01b5b
"collected rainwater to lake, regionalized, BG",m3,kg,1000.0,added,019e65c5-b5a8-4de4-a9a8-a8407535c123
"turbined water to river, regionalized, NG",m3,kg,1000.0,added,01cc3f94-22e2-4973-953c-ae275ef624c5
"processed water to lake, regionalized, TH",m3,kg,1000.0,added,01f81481-7012-4dc2-ab05-dca49d8fab3f
"cooling water to river, regionalized, FR",m3,kg,1000.0,added,024b80b4-4bd0-4334-9807-440708379a5a
"river water to turbine, regionalized, CZ",m3,kg,1000.0,added,027a5004-b294-4a31-88e4-f0291dab5deb
"processed water to river, regionalized, MY",m3,kg,1000.0,added,03011063-acc2-4183-81bb-836b807cc494
"river water, regionalized, HU",m3,kg,1000.0,added,0318f443-b937-4918-bc2b-f0eb5f59fa09
"cooling water to river, regionalized, CZ",m3,kg,1000.0,added,031e4799-c7d4-4136-a3f6-60bfc7f8298f
"cooling water to lake, regionalized, CL",m3,kg,1000.0,added,03989220-7082-42af-9a7f-0c292e7be116
"cooling water to river, regionalized, IE",m3,kg,1000.0,added,03d59350-2122-4fb7-b427-7e75f5164ceb
"cooling water to lake, regionalized, JP",m3,kg,1000.0,added,04087169-ea86-44cf-8d5b-7afb408d5255
"turbined water to river, regionalized, NL",m3,kg,1000.0,added,04096214-f81b-496a-bc0a-adff6429b563
"collected rainwater to lake, regionalized, PK",m3,kg,1000.0,added,045c3502-a145-44b6-b37f-e80ce9d70685
"lake water to turbine, regionalized, LU",m3,kg,1000.0,added,0496818a-0cac-4787-b9c2-c89ef6c38f45
"lake water to turbine, regionalized, SK",m3,kg,1000.0,added,04d4ba5d-b981-4e22-985d-c8f4285211e9
"processed water to river, regionalized, US",m3,kg,1000.0,added,051768f9-92fb-45d0-b70e-030d44355c93
"cooling water to lake, regionalized, SG",m3,kg,1000.0,added,053cac53-ac31-437b-a4d4-328abcc6bfaa
"turbined water to river, regionalized, CI",m3,kg,1000.0,added,057406c0-bcd6-47b4-8a3b-6f4c1089c252
"lake water, regionalized, CL",m3,kg,1000.0,added,058d8afd-285d-4893-867f-e8e32d7e6361
"lake water, regionalized, SE",m3,kg,1000.0,added,05afdeb0-7eff-414b-9d2e-a47f5cf45ba3
"processed water to lake, regionalized, CN",m3,kg,1000.0,added,06b405d9-31ce-4b76-968b-9a41a5c8de7d
"processed water to river, regionalized, CO",m3,kg,1000.0,added,074d06cd-9cbe-4023-8fbb-f47848d808be
"cooling water to river, regionalized, EE",m3,kg,1000.0,added,075f3933-0c41-44b2-8c47-b6bf8e7a6757
"cooling water to river, regionalized, TH",m3,kg,1000.0,added,077407c6-39d8-4791-a993-9154de20f949
"processed water to river, regionalized, ES",m3,kg,1000.0,added,078a7657-9464-4f8b-9580-5a6b5149bb7e
"cooling water to lake, regionalized, CI",m3,kg,1000.0,added,0799dd1a-cf2b-4474-bf90-97db6960dce1
"river water to turbine, regionalized, AU",m3,kg,1000.0,added,079c2146-df45-4139-9c9b-8137276bb6c3
"processed water to river, regionalized, DE",m3,kg,1000.0,added,079f3bd8-32c6-48bf-8526-fb98771be8bb
"ground water, regionalized, ID",m3,kg,1000.0,added,087d5e08-ed7d-413a-8ce7-3fd7540038bb
"ground water, regionalized, IT",m3,kg,1000.0,added,0883fced-fbd5-4993-970f-0b9e0e6c6338
"cooling water to river, regionalized, ES",m3,kg,1000.0,added,09448a81-cc5b-448b-a45b-5045c04db140
"lake water to turbine, regionalized, PL",m3,kg,1000.0,added,09fda549-41c6-4ab0-b218-afbb3178e717
"turbined water to lake, regionalized, SE",m3,kg,1000.0,added,0a5252a0-816c-448f-b0b8-c7e3453daee7
"turbined water to river, regionalized, SK",m3,kg,1000.0,added,0a599b66-363b-49a4-a570-ab8235cf4dc5
"river water to turbine, regionalized, LT",m3,kg,1000.0,added,0a97dec7-f321-4a51-a7b2-43a1df894f6a
"collected rainwater to river, regionalized, MX",m3,kg,1000.0,added,0ab91fc0-fa88-490d-921e-9a289b02a866
"cooling water to lake, regionalized, CN",m3,kg,1000.0,added,0ace63f7-bf96-4947-aa58-61fd3f7816cb
"Water (sea water from technosphere, waste water)",m3,kg,1000.0,added,0b2144c1-8a84-4a0e-81ad-40d9eca4851c
"cooling water to lake, regionalized, CA",m3,kg,1000.0,added,0b40e3c2-344f-4ee9-9979-a60f1590f5d6
"collected rainwater to lake, regionalized, SK",m3,kg,1000.0,added,0b7c606c-7857-4829-84b1-f287024ee5ca
"river water, regionalized, AT",m3,kg,1000.0,added,0ba743d5-0d46-4d37-ac58-0920dfb38fe4
"lake water to turbine, regionalized, SG",m3,kg,1000.0,added,0ba9f9fc-7a18-4260-a5b7-23ced78d95f3
"fresh water, regionalized, AR",m3,kg,1000.0,added,0bf7c70b-4a1d-4848-a78a-5c31a220f148
"ground water, regionalized, BA",m3,kg,1000.0,added,0c29378e-1040-4f6b-bf1c-de477cfd03b8
"collected rainwater to lake, regionalized, LK",m3,kg,1000.0,added,0c32d085-b509-44d9-853e-08c4acb72639
"turbined water to river, regionalized, VN",m3,kg,1000.0,added,0d431b05-fd37-4d86-94e5-87860f22205a
"lake water to turbine, regionalized, RS",m3,kg,1000.0,added,0d5556e4-8bce-433a-bb0f-32557ae0d9ee
"processed water to lake, regionalized, MK",m3,kg,1000.0,added,0d79a4ca-6ec6-48b7-a7eb-6ffd1b7a1210
"collected rainwater to lake, regionalized, SG",m3,kg,1000.0,added,0d90f868-7301-4188-8667-f3bde8379be3
"processed water to groundwater, regionalized, EE",m3,kg,1000.0,added,0d9351f9-e7d8-40c7-bc96-d9213fc054c5
"fresh water, regionalized, BA",m3,kg,1000.0,added,0da9b131-f580-4db4-abd8-ef50292d1238
"collected rainwater to lake, regionalized, NO",m3,kg,1000.0,added,0e4dec65-f671-4b21-8d25-f08bd92082bb
"processed water to groundwater, regionalized, PH",m3,kg,1000.0,added,0e840e80-aa49-45a0-86ed-7740b3d57041
"Water (groundwater from technosphere, waste water)",m3,kg,1000.0,added,0e848871-d8b6-457a-a274-dd50fd437502
"turbined water to river, regionalized, SL",m3,kg,1000.0,added,0eb13392-d4d6-4317-b087-b14e45c47a69
"processed water to river, regionalized, DK",m3,kg,1000.0,added,0f113185-d093-4d00-bf6f-83e085ab519a
"processed water to river, regionalized, MX",m3,kg,1000.0,added,0f5ef6eb-1941-481c-9f31-d15733cad12d
"fresh water, regionalized, SI",m3,kg,1000.0,added,0fdc9558-1998-4e7c-9099-021635db1a6d
"river water to turbine, regionalized, BE",m3,kg,1000.0,added,104507eb-644d-4ea5-b711-2da424908613
"processed water to lake, regionalized, IT",m3,kg,1000.0,added,105d2110-fb12-4a23-8ff1-bbff3ed6fdb1
"turbined water to lake, regionalized, NL",m3,kg,1000.0,added,10ad49a0-a0b0-426c-a86f-2372782b6271
"processed water to river, regionalized, JP",m3,kg,1000.0,added,10c0f422-f545-44ad-9af3-9d46d46b78ff
"processed water to river, regionalized, KZ",m3,kg,1000.0,added,10e79191-2dc7-4add-af26-17dc1749a405
"processed water to river, regionalized, GR",m3,kg,1000.0,added,10eb9542-66a2-4024-988a-97c00138137c
"cooling water to river, regionalized, RO",m3,kg,1000.0,added,10ed1973-36d5-4450-ac95-996770163fbf
"processed water to groundwater, regionalized, SI",m3,kg,1000.0,added,112979b5-e569-42fc-bf6d-e944c2d53209
"collected rainwater to river, regionalized, DE",m3,kg,1000.0,added,114d147b-b0d7-406c-8d85-50629f2fc063
"ground water, regionalized, VE",m3,kg,1000.0,added,11db2561-42ce-47cc-acfc-49dd1fa688a2
"cooling water to river, regionalized, MY",m3,kg,1000.0,added,11dd4993-676e-4c32-a5ae-fbd0d77c9a64
"processed water to lake, regionalized, PL",m3,kg,1000.0,added,128ef739-7e63-4d29-bebf-8e23326b03f4
"lake water, regionalized, LU",m3,kg,1000.0,added,12c6dbe9-92a0-4b69-880d-cdbe0da4cdad
"lake water, OECD average scarcity",m3,kg,1000.0,added,12d520c9-3272-4b93-b7ac-21b5da30c716
"Water (sea water from technosphere, cooling water)",m3,kg,1000.0,added,13cb6c5c-0753-4826-b41e-cd3d082daac9
"collected rainwater to lake, regionalized, MX",m3,kg,1000.0,added,13cbd709-4f1f-4d28-8264-0de8f255b20c
"river water to turbine, regionalized, AR",m3,kg,1000.0,added,13f10e8a-2191-419a-9927-375538971c87
"collected rainwater to river, regionalized, SI",m3,kg,1000.0,added,14018446-6981-4c5c-b06a-541fff4ad18d
"ground water, extreme scarcity",m3,kg,1000.0,added,1419f26f-689b-4c59-acff-b62041ac3c2e
"river water to turbine, regionalized, RS",m3,kg,1000.0,added,14ce59ba-ea10-45cc-bbea-3fcf7f2df78f
"processed water to lake, regionalized, DE",m3,kg,1000.0,added,157a8ab4-87ed-46af-abac-912cf937108c
"collected rainwater to lake, regionalized, RS",m3,kg,1000.0,added,16126128-74a4-4b67-b14a-189e03e5a76f
"fresh water, regionalized, ES",m3,kg,1000.0,added,16290fd0-79e2-4e2d-bb5d-e522c1783f12
"river water, regionalized, FI",m3,kg,1000.0,added,165c8e1b-7357-433b-a392-df3665bad3bf
"lake water, regionalized, MX",m3,kg,1000.0,added,165d156f-f098-4cdf-954a-88f115367ba7
river water,m3,kg,1000.0,added,1729ef88-6556-11dd-ad8b-0800200c9a66
"processed water to river, regionalized, SL",m3,kg,1000.0,added,1730e91c-01cf-4dc3-9447-f8d619b0903c
"turbined water to lake, regionalized, PL",m3,kg,1000.0,added,177855a0-fa30-4a06-a0f7-8fa8faf5504d
"fresh water, regionalized, DK",m3,kg,1000.0,added,177ac927-2ab9-472b-a7cc-476001de8c0d
"turbined water to river, regionalized, SE",m3,kg,1000.0,added,17cda84b-085e-450c-862f-1a50a8d1c5b0
"turbined water to lake, regionalized, BD",m3,kg,1000.0,added,181061d1-2c2c-40cd-babb-1fb6a6deca28
"cooling water to lake, regionalized, AR",m3,kg,1000.0,added,181f999e-0757-4f13-b96f-f3c751858143
"turbined water to river, regionalized, PH",m3,kg,1000.0,added,1853d145-baf4-4aa3-87d7-d9c346b9f094
"cooling water to lake, regionalized, GR",m3,kg,1000.0,added,187f442a-3c44-4ef9-b464-4ca35de27675
"river water, regionalized, ZA",m3,kg,1000.0,added,191298ec-458b-4bd3-9c5a-9c8fbdcf8d78
"collected rainwater to lake, regionalized, JP",m3,kg,1000.0,added,19350486-1584-4123-8e88-57cdfb54aa99
"river water, regionalized, RU",m3,kg,1000.0,added,1951ac23-521f-486c-b1f6-000cd6f0d48d
"collected rainwater to river, regionalized, CI",m3,kg,1000.0,added,19b1ed64-4d75-4d77-9319-3a0750751287
"processed water to lake, regionalized, LK",m3,kg,1000.0,added,19b6f8d8-6715-4d2f-a0c5-56f62cfa34f7
"processed water to river, regionalized, BA",m3,kg,1000.0,added,19b784a8-6179-43e6-82be-11ac72bf63ca
"collected rainwater to lake, regionalized, ID",m3,kg,1000.0,added,19d11580-22d4-4eb0-9f44-00e20d7c9e06
"turbined water to river, regionalized, US",m3,kg,1000.0,added,19ea1d7d-386e-4736-b4d9-4d81070b9c3f
"river water, regionalized, MX",m3,kg,1000.0,added,19f586a7-1b07-419d-bfc1-01c338509d77
"lake water, regionalized, IT",m3,kg,1000.0,added,1a656248-304e-4c7f-8e53-7b7b0cf40844
"river water, regionalized, DE",m3,kg,1000.0,added,1a7d81ac-5ba3-49b8-a040-818e67b26d48
"collected rainwater to river, regionalized, MK",m3,kg,1000.0,added,1b0f3254-404b-493b-933b-8aeb77a66fce
"processed water to river, regionalized, PL",m3,kg,1000.0,added,1b3a42f3-e44e-481a-ac6f-6c0f22bb1024
"river water, regionalized, MY",m3,kg,1000.0,added,1baadc8a-f333-4ab5-b78b-205533dfe441
"cooling water to river, regionalized, HU",m3,kg,1000.0,added,1be95026-9b81-4195-b05e-1203166cadfc
"processed water to groundwater, regionalized, GR",m3,kg,1000.0,added,1bf80cba-1e5d-4de7-bf11-9c7dd091bbdb
"cooling water to river, regionalized, NO",m3,kg,1000.0,added,1c9ce064-8375-49e4-844d-257b1c843817
"collected rainwater to lake, regionalized, KR",m3,kg,1000.0,added,1d0c888b-be37-4f8e-ae85-8f52f32e45b7
"fresh water, regionalized, LU",m3,kg,1000.0,added,1d59f53d-07f3-47f9-82b6-4a227ae9f8e5
"collected rainwater to lake, regionalized, EE",m3,kg,1000.0,added,1d8a595d-16f7-465e-ab68-b494c2f93e6b
"turbined water to river, regionalized, GR",m3,kg,1000.0,added,1deb4f61-3e52-4d35-b3bc-d4857c5817f4
"cooling water to lake, regionalized, CO",m3,kg,1000.0,added,1e483621-a4e1-4809-8a7b-ab019dd8cb8f
"processed water to river, regionalized, BR",m3,kg,1000.0,added,1e6f83eb-4981-40fc-875e-c56ab6aa2e42
"collected rainwater to lake, regionalized, PT",m3,kg,1000.0,added,1e8b18cb-1ad2-490f-9571-584b828c0922
"river water, regionalized, PT",m3,kg,1000.0,added,1ebebbb6-7646-48c6-97f9-57997dd20468
"lake water, regionalized, BG",m3,kg,1000.0,added,1ee200bf-a543-410f-8f38-152cb4267c63
"collected rainwater to river, regionalized, UA",m3,kg,1000.0,added,1f092871-bfbd-44ac-bbfc-048f22b10c28
surface water,m3,kg,1000.0,added,1f31247d-6556-11dd-ad8b-0800200c9a66
"turbined water to lake, regionalized, LT",m3,kg,1000.0,added,1f56d73b-d67d-410a-9261-863eec8f3296
"cooling water to lake, regionalized, UA",m3,kg,1000.0,added,1f5b923b-e8ff-4871-9c29-1cc3dbf2e0e9
"collected rainwater to lake, regionalized, NG",m3,kg,1000.0,added,206030e3-2aaa-435d-9dea-69d5dd585b09
"lake water, regionalized, HU",m3,kg,1000.0,added,208ac939-6d8d-475d-a3d0-a71f8f552a12
"turbined water to lake, regionalized, SG",m3,kg,1000.0,added,20e33e6f-ecfe-4701-a061-adfcb4139ca3
"river water,  very high scarcity",m3,kg,1000.0,added,21f316cd-6888-4c3a-9ad2-5e8051786109
"processed water to groundwater, regionalized, NL",m3,kg,1000.0,added,220c31d8-610d-4552-a1f2-46701026c8db
"collected rainwater to river, regionalized, JP",m3,kg,1000.0,added,22ad5224-776a-4489-8ae3-6279f44747f4
"collected rainwater to river, regionalized, NZ",m3,kg,1000.0,added,22b05a3d-82d3-48d2-8500-a4a3a25f0648
"processed water to river, regionalized, CI",m3,kg,1000.0,added,22cfe915-16b0-417d-b82c-053e6621f530
"processed water to river, regionalized, RS",m3,kg,1000.0,added,22dee5f2-ade2-4169-af8d-c365005b89a4
"processed water to groundwater, regionalized, VN",m3,kg,1000.0,added,22fd7450-1f06-47fd-8f39-272b63c8f032
"Water (river water from technosphere, waste water)",m3,kg,1000.0,added,231e373f-3f40-4d56-b770-3a3355f1c65a
"cooling water to lake, regionalized, NO",m3,kg,1000.0,added,2340fde5-041f-427b-be14-cb0a39e14db1
"processed water to groundwater, regionalized, PT",m3,kg,1000.0,added,2392b283-0fc4-420d-a176-0d070f09f59d
"processed water to groundwater, regionalized, SE",m3,kg,1000.0,added,23acbcc0-76e2-42d3-8d86-c7f5f08e83bf
"fresh water, regionalized, LT",m3,kg,1000.0,added,23be780e-157c-47aa-9558-c9869b6f2c4d
"river water to turbine, regionalized, CN",m3,kg,1000.0,added,23cff606-5ad2-4207-804a-de85a9430146
"turbined water to lake, regionalized, LU",m3,kg,1000.0,added,241bc2fa-f4cb-4515-a7b5-4b27acd2e881
"cooling water to lake, regionalized, IN",m3,kg,1000.0,added,2425f59d-a784-4ca0-9f1c-18640d2370ad
"lake water to turbine, regionalized, SI",m3,kg,1000.0,added,2434e394-aafe-4eb0-93df-d109fdb4be58
"collected rainwater to lake, regionalized, DE",m3,kg,1000.0,added,24a0ca9c-89bd-4b4a-8795-805c0bb3d96b
"processed water to groundwater, regionalized, SG",m3,kg,1000.0,added,24a71569-8fe3-4966-8b0d-2705d80a0914
"cooling water to river, regionalized, NG",m3,kg,1000.0,added,24e9780c-e199-442a-b31f-ab648c2a6009
"collected rainwater to river, regionalized, LK",m3,kg,1000.0,added,25314d9d-d14f-41cf-967c-6ab0b0731e0d
"ground water, regionalized, SK",m3,kg,1000.0,added,26123deb-5aa3-4270-85d0-d43df0bed7b1
"lake water, regionalized, NL",m3,kg,1000.0,added,264614db-c4ed-48ff-9a5a-2bac932001e7
"cooling water to lake, regionalized, BA",m3,kg,1000.0,added,264a2274-9370-4f7d-b17d-b30099f56564
"lake water, regionalized, SL",m3,kg,1000.0,added,26ccdd56-bfd0-4d3d-b53f-eda8ccba84b6
"river water to turbine, regionalized, SK",m3,kg,1000.0,added,271f1867-399b-4996-8a5d-b9fd3af08409
"turbined water to river, regionalized, RU",m3,kg,1000.0,added,28536de6-c0bb-4ac2-a3c6-08c91f5e1d1c
Water Cooling fresh,m3,kg,1000.0,added,2861065e-b62b-4d9d-869b-12db6d0b4801
"cooling water to river, regionalized, AR",m3,kg,1000.0,added,28a079c8-2328-4bb4-a423-dca31f9aab3d
"processed water to lake, regionalized, GB",m3,kg,1000.0,added,28e271c6-3acb-44d2-9474-524c9db3cac0
"processed water to lake, regionalized, NG",m3,kg,1000.0,added,28e7645f-d1e5-49e0-a4e2-4b797ad942bf
"ground water, regionalized, SL",m3,kg,1000.0,added,2938a15d-0b7e-4439-9e5a-0ad3ba977770
"river water,  high scarcity",m3,kg,1000.0,added,2961cf29-d2ba-43a2-8fc5-e8c693f12a83
"collected rainwater to river, regionalized, RO",m3,kg,1000.0,added,29c4ab90-937e-4ac4-ac99-1a75b89cf00c
"river water, regionalized, IE",m3,kg,1000.0,added,2a0d9eee-851d-48db-a444-b67da9128bef
"lake water, regionalized, KZ",m3,kg,1000.0,added,2a236a8b-a66f-48d3-bf26-8c7709d91df3
Water (rain water),m3,kg,1000.0,added,2a240c57-b782-4745-943b-0602d7a953c4
"processed water to river, regionalized, NZ",m3,kg,1000.0,added,2ab44772-3500-4c1e-bc58-6efefff3581a
"river water to turbine, regionalized, MK",m3,kg,1000.0,added,2abf6921-ecb1-4c39-bb0e-86edea3d8afd
"collected rainwater to lake, regionalized, CA",m3,kg,1000.0,added,2b1d23b9-9f9b-4e17-8924-c66876a9a108
"fresh water, regionalized, PH",m3,kg,1000.0,added,2b4f650f-9cdc-4ffe-a2f7-9be9b6de1584
"processed water to lake, regionalized, SG",m3,kg,1000.0,added,2b6d2fd1-4564-4bf2-9c20-6383d14ba3d1
"processed water to lake, regionalized, AU",m3,kg,1000.0,added,2ba14e9d-fa6d-4d36-88c6-9a6cf3857b17
"turbined water to river, regionalized, AU",m3,kg,1000.0,added,2be378af-cb18-47d2-b7f3-7d48f88f3fc0
"processed water to groundwater, regionalized, KZ",m3,kg,1000.0,added,2bef6787-18d5-4e2d-af3b-a029bf0afbe9
"lake water, regionalized, FR",m3,kg,1000.0,added,2c2e30e1-68a5-4fe3-b0f1-82f3ed716daa
"processed water to river, regionalized, NG",m3,kg,1000.0,added,2c76746a-86fb-4d97-bb2f-30a1408abe56
"turbined water to river, regionalized, SI",m3,kg,1000.0,added,2c7edde7-dcc3-47f5-bdb3-9ddb8e3a66a1
"collected rainwater to lake, regionalized, BR",m3,kg,1000.0,added,2d23cc6b-c958-4227-90cd-05c341096e26
"collected rainwater to river, regionalized, PH",m3,kg,1000.0,added,2d578be0-c433-4d10-908a-fdb22d516dff
"river water to turbine, regionalized, VN",m3,kg,1000.0,added,2d5ca6be-5b7e-4f1a-81b4-334cda8bcbf4
"processed water to groundwater, regionalized, DE",m3,kg,1000.0,added,2d7cf4ba-ef97-45b6-89af-631021861db7
"turbined water to lake, regionalized, AR",m3,kg,1000.0,added,2d7d5163-832f-4828-b6f0-2fda7b52b66a
"ground water, regionalized, RO",m3,kg,1000.0,added,2d9a3f70-be29-4a63-be68-d02ae51abfe7
"lake water to turbine, regionalized, LT",m3,kg,1000.0,added,2dc20649-05db-4931-9e43-6c554203f2ee
"river water to turbine, regionalized, PK",m3,kg,1000.0,added,2dcc9dc2-3556-4fa4-94a1-5c89edbda6ad
"cooling water to river, regionalized, AT",m3,kg,1000.0,added,2ddfef2e-db1e-448b-898d-c0a6019a9b21
"turbined water to lake, regionalized, IS",m3,kg,1000.0,added,2e21e20f-2147-4ff4-8536-01bdd14d5abf
"turbined water to lake, regionalized, ID",m3,kg,1000.0,added,2ee75f95-ac14-44be-b4b1-7f8ea11727a2
"lake water, regionalized, BR",m3,kg,1000.0,added,2eecf3f9-ee0f-4db4-b811-4958f2e47299
"processed water to lake, regionalized, BG",m3,kg,1000.0,added,2f161ed9-122b-4036-b0b0-2e0bb686d306
"ground water, regionalized, TR",m3,kg,1000.0,added,2fed092b-8ef5-4e4f-825f-81a5a444fef7
"lake water, regionalized, AR",m3,kg,1000.0,added,30218f56-cbc4-4d04-8eb1-41bbbb77e5bb
"lake water to turbine, regionalized, BD",m3,kg,1000.0,added,30532306-fec0-499c-a967-055e58b113c2
"lake water to turbine, regionalized, HU",m3,kg,1000.0,added,3059ff54-0cf5-4055-b90c-6e8748a68832
"fresh water, regionalized, CL",m3,kg,1000.0,added,3061f0b1-d772-4ff9-83a4-b23d93ffa809
"cooling water to lake, regionalized, TR",m3,kg,1000.0,added,31034302-4d77-42f8-a8e9-01a37f4a8c90
"processed water to groundwater, regionalized, RO",m3,kg,1000.0,added,3177b2fb-0f63-42a8-aab5-1984b752801e
"river water to turbine, regionalized, PL",m3,kg,1000.0,added,31efd40f-4161-47e4-ad90-b70ec043fce2
"processed water to river, regionalized, BG",m3,kg,1000.0,added,32112a1d-08f2-4912-8d49-129fa217b238
"processed water to groundwater, regionalized, TH",m3,kg,1000.0,added,326dc90d-b24e-4ef6-a012-5b601dcba1a2
"river water to turbine, regionalized, BD",m3,kg,1000.0,added,327479e1-da0e-42a5-8169-bde72ff7b3a9
"cooling water to lake, regionalized, NG",m3,kg,1000.0,added,33093e84-49fa-4e63-aff1-fc759f9459c9
"processed water to river, regionalized, UZ",m3,kg,1000.0,added,333d7cee-77d1-4342-bc9f-3e825543d8b8
"river water, low scarcity",m3,kg,1000.0,added,33b3d9a9-9950-4d6d-aed7-9eb31f08f759
"river water, regionalized, PH",m3,kg,1000.0,added,33de9d7c-f948-4d42-82ca-16ecea9451ac
"cooling water to lake, regionalized, IS",m3,kg,1000.0,added,33edcc3b-b062-4634-b676-3c5d38c854ca
"lake water, regionalized, RO",m3,kg,1000.0,added,33f36ab8-254a-468f-aa03-d96daa2ae61d
"turbined water to river, regionalized, JP",m3,kg,1000.0,added,34275ac0-b5b6-4dfc-9108-b9d71652ec56
"river water to turbine, regionalized, AT",m3,kg,1000.0,added,34740738-2d33-45f7-b89d-0c7c75fff830
"cooling water to river, regionalized, NZ",m3,kg,1000.0,added,347eef0d-32c6-4b0d-8d19-3aef399bf042
"processed water to lake, regionalized, LT",m3,kg,1000.0,added,34ca4dcc-f308-4f6e-a760-2d00866c6378
"ground water, regionalized, TH",m3,kg,1000.0,added,34e85083-8854-43a1-a5cf-7d54eb830905
"river water to turbine, regionalized, RO",m3,kg,1000.0,added,34fabe65-745b-4490-b747-8f56f8822dca
"lake water, regionalized, SK",m3,kg,1000.0,added,3523d6ad-ca7e-4e62-84b0-5afaa3faee94
"cooling water to lake, regionalized, PK",m3,kg,1000.0,added,35856777-b484-4b6c-9508-cd5b97dbe01c
"ground water, regionalized, SE",m3,kg,1000.0,added,35dad13f-ad1c-4594-9a4a-7821f7561190
"collected rainwater to lake, regionalized, FR",m3,kg,1000.0,added,36aad25f-6bc0-44ab-a223-ac6fe20e5bd2
"ground water, regionalized, BD",m3,kg,1000.0,added,36d86fa9-f6a2-44ed-a13a-a80a2bae72d7
"lake water to turbine, regionalized, AT",m3,kg,1000.0,added,36dfb8d5-07ad-4c32-9b81-295cd59d457a
"cooling water to river, regionalized, SE",m3,kg,1000.0,added,3713141c-8722-4526-9894-f91426af4270
"turbined water to lake, regionalized, UA",m3,kg,1000.0,added,377793a8-6f6d-4a2a-9d37-8c9272428373
"cooling water to lake, regionalized, LV",m3,kg,1000.0,added,378f5a5c-538c-494b-971c-e0a8be87732d
"cooling water to river, regionalized, IT",m3,kg,1000.0,added,379b0dc9-2054-4f17-8d6f-d6e11c7c6da0
"processed water to river, regionalized, NL",m3,kg,1000.0,added,37ca6a75-7270-4de5-9094-f1f28da5ed3a
"collected rainwater to river, regionalized, TH",m3,kg,1000.0,added,37f38ec9-9332-4a14-aa53-5609083cb75a
"turbined water to lake, regionalized, DK",m3,kg,1000.0,added,382f487b-a9cb-476f-bccc-7bbe66c2a7e1
"lake water to turbine, regionalized, KZ",m3,kg,1000.0,added,38711533-77b8-4329-ada0-5f4d4b779833
"processed water to lake, regionalized, BE",m3,kg,1000.0,added,38f7e651-edb5-4c91-97ac-69341b5a385a
"collected rainwater to lake, regionalized, MY",m3,kg,1000.0,added,391d11d4-3353-4463-a3c2-85af82f8d7d4
"river water to turbine, regionalized, LV",m3,kg,1000.0,added,39265a86-010a-4009-af81-936959052322
"lake water, regionalized, IE",m3,kg,1000.0,added,394c8395-4ac3-48f8-808d-54bfcbe7f27a
"cooling water to lake, regionalized, IE",m3,kg,1000.0,added,39a4efdd-aa51-41e6-964c-048214cc183b
"cooling water to river, regionalized, CN",m3,kg,1000.0,added,3a0b0f65-26d9-4196-a53c-e0832ca44d1e
"lake water to turbine, regionalized, GB",m3,kg,1000.0,added,3a6cda2e-8f26-4c99-8590-ed0da69c0450
"turbined water to river, regionalized, FI",m3,kg,1000.0,added,3a71bd6c-9c46-458c-90ba-d2b2b70a1ba6
water,m3,kg,1000.0,added,3a8411b6-e476-4f98-9d77-0d492661a07f
ground water high scarcity,m3,kg,1000.0,added,3ade2877-ae91-4107-bbf0-cb9291ebbe10
"turbined water to river, regionalized, IN",m3,kg,1000.0,added,3aee612e-e385-4d35-b824-bcd999979d38
"turbined water to lake, regionalized, PH",m3,kg,1000.0,added,3b2ad067-e5cb-48bd-af75-5d570d964b25
"collected rainwater to lake, regionalized, LU",m3,kg,1000.0,added,3b4de375-06e1-4c0c-8529-249c241cb9f9
"cooling water to river, regionalized, MX",m3,kg,1000.0,added,3b65624d-07cc-4351-a027-ebc5bf87889e
"processed water to lake, regionalized, UZ",m3,kg,1000.0,added,3bbac3b7-fa61-4ebf-a964-3b545e0ae211
"lake water, regionalized, NO",m3,kg,1000.0,added,3c2389f1-c340-4368-ab68-5bac504e0dd5
"collected rainwater to lake, regionalized, AT",m3,kg,1000.0,added,3c8730b0-6ffc-42e4-9a89-077651b665b2
"river water to turbine, regionalized, PH",m3,kg,1000.0,added,3c96eb2b-ca64-4943-aea0-10256798aeb6
"river water to turbine, regionalized, CL",m3,kg,1000.0,added,3c98c839-5410-41f4-9d35-f2a9ac190fd1
"lake water, regionalized, RS",m3,kg,1000.0,added,3ce4550c-f00d-4f1d-ad2e-24aab566d752
"ground water, regionalized, BE",m3,kg,1000.0,added,3ceafde4-15ec-4f8f-babb-afd47ddb1625
"cooling water to lake, regionalized, AT",m3,kg,1000.0,added,3d3f5b9c-6856-4a96-8618-f5dec194507e
"ground water, regionalized, US",m3,kg,1000.0,added,3d861875-b42c-4d5f-ae81-88909c70e05f
water,m3,kg,1000.0,added,3e4d9e9e-6556-11dd-ad8b-0800200c9a66
"processed water to river, regionalized, CH",m3,kg,1000.0,added,3f242c3e-ab3f-4b15-9f10-034190d5adce
"processed water to lake, regionalized, HU",m3,kg,1000.0,added,3f4c5fb8-cdcb-46b1-b253-4d3912a792d6
"lake water to turbine, regionalized, CO",m3,kg,1000.0,added,3f5b72ce-5a5f-42e6-8cdd-dd9c76b3dd31
"lake water to turbine, regionalized, ES",m3,kg,1000.0,added,3f658888-51e2-433f-9f27-37bf9f700001
"ground water, regionalized, PL",m3,kg,1000.0,added,3fa3c0fa-5f59-457e-8711-40d5cac30c37
"collected rainwater to river, regionalized, KR",m3,kg,1000.0,added,3fe16436-4892-4ee3-800a-ea2d9a8af4d5
"collected rainwater to river, regionalized, PL",m3,kg,1000.0,added,40354a4d-cb85-4dd2-bf35-739fd1b0d6f2
"turbined water to river, regionalized, DK",m3,kg,1000.0,added,40479acd-1d00-4c2a-b4cf-a7ae35b11b86
"turbined water to river, regionalized, CZ",m3,kg,1000.0,added,404804e0-f9ee-43e4-b630-216a39b3f80f
"fresh water, regionalized, UA",m3,kg,1000.0,added,408ab53d-843b-43bc-849f-a600902e5abc
"cooling water to river, regionalized, JP",m3,kg,1000.0,added,40dcc05e-8819-446e-be64-b755e17744f3
"lake water, regionalized, AT",m3,kg,1000.0,added,40efd995-21d0-4487-af4f-a3810e03635f
"processed water to groundwater, regionalized, ID",m3,kg,1000.0,added,40fed416-8fff-4b7a-a486-caa09117ed50
"cooling water to lake, regionalized, MK",m3,kg,1000.0,added,411a8397-ba57-4a22-b5f1-6b8f0eae2555
"cooling water to river, regionalized, GR",m3,kg,1000.0,added,41243701-d639-46b2-9775-115750efc7cd
"fresh water, regionalized, BG",m3,kg,1000.0,added,413f3bb1-13d7-4f76-95ea-c9205cb54d54
"lake water, regionalized, DK",m3,kg,1000.0,added,4149938c-9d5d-4d81-a3bf-5c3b92762f6f
"processed water to river, regionalized, IT",m3,kg,1000.0,added,41869483-e0c4-4fbf-8713-45c155902ada
"cooling water to river, regionalized, BE",m3,kg,1000.0,added,41f338cf-d135-4731-894c-18710d619838
"processed water to lake, regionalized, FI",m3,kg,1000.0,added,42572d78-c938-4ebd-93ff-9b3ff0784cc2
"turbined water to river, regionalized, LT",m3,kg,1000.0,added,425aa805-0a68-4198-b5e9-7bfa7155116f
"processed water to groundwater, regionalized, AU",m3,kg,1000.0,added,426516df-a381-49f1-93a1-e9bb21841dee
"river water, regionalized, EE",m3,kg,1000.0,added,42c92136-4ade-4336-8fa3-4acac12d9287
"processed water to groundwater, regionalized, MK",m3,kg,1000.0,added,42e2876b-ae13-4acb-814c-5d48aca32da3
"turbined water to river, regionalized, TH",m3,kg,1000.0,added,42fe112f-908e-4ee1-9911-0fbd1bf153c9
"processed water to lake, regionalized, BD",m3,kg,1000.0,added,4308f373-3318-4cad-96f2-441895cee451
"processed water to river, regionalized, RO",m3,kg,1000.0,added,4357d5fa-4214-4436-8cd2-764c409d55e8
"cooling water to river, regionalized, PT",m3,kg,1000.0,added,4361d5f2-c4b4-4342-b7e3-bd3854cad91e
"turbined water to river, regionalized, IS",m3,kg,1000.0,added,440c6d22-9368-47f2-92b8-bf3a70a2db81
"lake water to turbine, regionalized, VN",m3,kg,1000.0,added,4434cfd8-add5-42c5-9f8d-935f4bac5134
"processed water to river, regionalized, KR",m3,kg,1000.0,added,447e153a-47cd-462e-b517-72bb74d558da
"cooling water to river, regionalized, AU",m3,kg,1000.0,added,448ed0ce-b80a-4438-b960-86b2dead7698
"turbined water to river, regionalized, FR",m3,kg,1000.0,added,44c903b6-9817-496a-925c-7628ced8f497
"river water to turbine, regionalized, NO",m3,kg,1000.0,added,44f90511-7ab8-4d2d-aed9-3218f28cf46e
"collected rainwater to river, regionalized, FI",m3,kg,1000.0,added,4520c130-a8ea-425f-8cdc-da8e358229cd
"lake water to turbine, regionalized, JP",m3,kg,1000.0,added,452dab97-c575-478a-b8bd-ea5082181e00
"lake water to turbine, regionalized, LV",m3,kg,1000.0,added,454068c2-cb3d-4f56-969a-7efd84501bc6
"lake water to turbine, regionalized, TH",m3,kg,1000.0,added,45715179-6d63-4325-a752-34b6d1aa378e
"cooling water to lake, regionalized, BG",m3,kg,1000.0,added,45ab0c04-54c6-49eb-a27f-8016fc508a49
"fresh water, regionalized, FR",m3,kg,1000.0,added,45d92083-154a-4e38-bff6-773346a327d1
"cooling water to river, regionalized, CO",m3,kg,1000.0,added,462519ec-0cc9-414b-a7da-2a8a47498c3d
"river water, regionalized, TR",m3,kg,1000.0,added,46b487c8-be9f-4e8c-be5f-dbe8d6184ae8
"ground water, low scarcity",m3,kg,1000.0,added,46e526b4-9ee7-4681-957c-f910a471df19
"collected rainwater to lake, regionalized, CI",m3,kg,1000.0,added,46e929c1-0641-4af9-a0c8-99f056d6b341
"ground water, regionalized, RU",m3,kg,1000.0,added,46f37a05-ab3b-453f-83e3-2e5330c0e63f
"river water to turbine, regionalized, IE",m3,kg,1000.0,added,473040eb-fd40-4928-ba25-bf1333e61b44
"lake water, very high scarcity",m3,kg,1000.0,added,4747aae9-5df6-4f0b-953e-69651c5556b2
"processed water to groundwater, regionalized, BE",m3,kg,1000.0,added,47a924df-c94a-4446-96d1-27d2e9396633
"processed water to river, regionalized, IS",m3,kg,1000.0,added,481e5cb9-17c6-4592-8c3f-bed86d0658cc
"ground water, regionalized, JP",m3,kg,1000.0,added,4824ff98-e127-4c0e-a282-76af90ede4ce
"turbined water to lake, regionalized, TH",m3,kg,1000.0,added,4877ae8b-0a74-4198-93b9-d4ca4698289a
"collected rainwater to river, regionalized, SK",m3,kg,1000.0,added,4880b380-9783-461f-9bab-db4d4f9af26a
"turbined water to river, regionalized, PL",m3,kg,1000.0,added,488489ef-3917-4398-869e-5d832c935e6a
"processed water to groundwater, regionalized, RU",m3,kg,1000.0,added,48b40a1e-6b83-44cf-a5ac-718746bc1fe0
"turbined water to river, regionalized, LU",m3,kg,1000.0,added,48ba3575-f191-4f16-b5e7-60fcb0811852
"river water, regionalized, UA",m3,kg,1000.0,added,48d4921e-62a4-4ff3-a505-b276bb44718c
"collected rainwater to lake, regionalized, CH",m3,kg,1000.0,added,48ecdbc1-2a14-44f0-a197-d60b3ab0d6b5
"processed water to lake, regionalized, RU",m3,kg,1000.0,added,491dcea9-ffd4-4626-962d-5945481a0222
"turbined water to lake, regionalized, US",m3,kg,1000.0,added,4937dd5b-4a2d-452b-bd0e-0e987b9f7229
"collected rainwater to lake, regionalized, VE",m3,kg,1000.0,added,493a9c7c-a6c6-4b73-a454-b32ef7840446
"collected rainwater to river, regionalized, PK",m3,kg,1000.0,added,498a02db-ad2f-4f64-8c98-7d92544db231
"processed water to groundwater, regionalized, BR",m3,kg,1000.0,added,4995d600-438d-4424-8abb-dbb27391df29
"lake water to turbine, regionalized, UZ",m3,kg,1000.0,added,499aa3a1-67c3-4116-93af-e90593c37a70
"river water, regionalized, MK",m3,kg,1000.0,added,49a78697-ec0c-40d9-b5e2-77b744b94532
"collected rainwater to lake, regionalized, SI",m3,kg,1000.0,added,49f8ab96-992a-44bd-b1b3-d888dc048145
"processed water to lake, regionalized, MX",m3,kg,1000.0,added,4a0d29e4-4c9c-4b89-9ca4-bdb5454c641d
"lake water, regionalized, CN",m3,kg,1000.0,added,4aacfb0c-e979-4702-9234-5e433c45d5f8
"cooling water to river, regionalized, SK",m3,kg,1000.0,added,4b1a8149-9716-4731-956a-a6b5f2c845e8
"cooling water to lake, regionalized, KR",m3,kg,1000.0,added,4bbc2cfd-4ba8-47df-be5b-d8e107adca85
"lake water to turbine, regionalized, IS",m3,kg,1000.0,added,4bd39243-bb9e-48b3-bcd1-d296438a30e4
"processed water to river, regionalized, SE",m3,kg,1000.0,added,4c3f2223-1a22-41d0-945d-624b32cdcaf7
"processed water to groundwater, regionalized, ZA",m3,kg,1000.0,added,4c95fd06-6572-4c52-a94f-3825d9fb3dd9
"lake water, regionalized, UZ",m3,kg,1000.0,added,4cbb37b0-9b26-4378-a77e-890d9794780c
"river water to turbine, regionalized, CO",m3,kg,1000.0,added,4da7001c-87c5-40db-a4ca-30653add92a9
"turbined water to lake, regionalized, KZ",m3,kg,1000.0,added,4dcbadae-a9a2-4380-ba4a-dbff752adfff
"river water, regionalized, FR",m3,kg,1000.0,added,4e1a53d9-08d5-49b6-8c5a-9f714e46cffa
"river water, regionalized, CH",m3,kg,1000.0,added,4e5740d2-aa07-4e74-a0e1-a7b53be64c61
"river water, regionalized, TH",m3,kg,1000.0,added,4efbda20-6aa7-4b37-a331-aa0ee8a0fbe8
de-ionised water,m3,kg,1000.0,added,4f197bef-7b3b-11dd-ad8b-0800200c9a66
de-ionised water,m3,kg,1000.0,added,4f197bf0-7b3b-11dd-ad8b-0800200c9a66
drinking water,m3,kg,1000.0,added,4f197bf2-7b3b-11dd-ad8b-0800200c9a66
drinking water,m3,kg,1000.0,added,4f197bf3-7b3b-11dd-ad8b-0800200c9a66
process water,m3,kg,1000.0,added,4f1a1829-7b3b-11dd-ad8b-0800200c9a66
process water,m3,kg,1000.0,added,4f1a182a-7b3b-11dd-ad8b-0800200c9a66
waste water - untreated,m3,kg,1000.0,added,4f1a3f40-7b3b-11dd-ad8b-0800200c9a66
waste water - untreated,m3,kg,1000.0,added,4f1a3f41-7b3b-11dd-ad8b-0800200c9a66
waste water - untreated,m3,kg,1000.0,added,4f1a3f42-7b3b-11dd-ad8b-0800200c9a66
waste water - untreated,m3,kg,1000.0,added,4f1a3f43-7b3b-11dd-ad8b-0800200c9a66
waste water - untreated,m3,kg,1000.0,added,4f1a3f44-7b3b-11dd-ad8b-0800200c9a66
"processed water to lake, regionalized, BR",m3,kg,1000.0,added,4f3edd91-9a72-429d-ab64-f4a95368c19f
ground water,kg,m3,0.0010,added,4f462198-40cd-4184-8733-86648a20dc3f
"lake water to turbine, regionalized, VE",m3,kg,1000.0,added,4f622e02-be73-472c-98ae-ebb9c0f0ca20
"turbined water to lake, regionalized, VE",m3,kg,1000.0,added,4f6b5de5-e80b-4433-bd2a-9c603f63396d
"ground water, regionalized, LT",m3,kg,1000.0,added,4f921450-5ec2-4a58-9715-bdf30ef29269
"processed water to lake, regionalized, PK",m3,kg,1000.0,added,4fb6e3e6-8006-430b-8283-3ae4443cdffe
"collected rainwater to river, regionalized, IN",m3,kg,1000.0,added,4fe1aa05-2ada-4acb-9b5a-3084a98e80ae
"ground water, regionalized, GR",m3,kg,1000.0,added,5039da20-dc27-4b0e-adf7-9c2e3056504f
"cooling water to river, regionalized, FI",m3,kg,1000.0,added,5060a19c-ef03-43e1-b96d-8e4275e1ecc9
"lake water to turbine, regionalized, FI",m3,kg,1000.0,added,50cb7dd1-70f9-4d18-a6ee-d2120ddb1c87
"fresh water, regionalized, ID",m3,kg,1000.0,added,50ee73c4-891c-4e6c-add5-cc5ff8ed43e9
"lake water, regionalized, PT",m3,kg,1000.0,added,50f27163-b81a-4a87-b632-105802d6e098
Water in slurry,m3,kg,1000.0,added,51ee8edf-8b58-4bb9-8059-de0879722cd4
"lake water to turbine, regionalized, RU",m3,kg,1000.0,added,51f861b1-607f-4d4c-9fd3-d2f1bd11c631
"river water, regionalized, SG",m3,kg,1000.0,added,5205899d-f4bd-444f-944f-d882582bca82
"processed water to groundwater, regionalized, UZ",m3,kg,1000.0,added,5241504c-5a2e-4e10-9c7a-247e2fab7f62
"processed water to lake, regionalized, KR",m3,kg,1000.0,added,52a588cd-312c-43c6-846a-e98052ec6143
"lake water to turbine, regionalized, TR",m3,kg,1000.0,added,53b803f3-fe8c-4671-8328-b47bf54fe698
"cooling water to lake, regionalized, DE",m3,kg,1000.0,added,53c732be-8ea4-4338-bacc-d2a7e700de08
"river water to turbine, regionalized, JP",m3,kg,1000.0,added,5414d1e2-3323-4436-a09e-38a8f122ab14
"lake water, regionalized, IS",m3,kg,1000.0,added,5480e825-1f22-4964-aa69-5bdc98d617ca
"river water to turbine, regionalized, VE",m3,kg,1000.0,added,54b0c8e4-52ed-4eb1-b719-eb277f8f089e
"collected rainwater to river, regionalized, BG",m3,kg,1000.0,added,54d4f4e7-86a9-424e-9bd6-74636ada9a67
"ground water, regionalized, MK",m3,kg,1000.0,added,55385b63-7ab8-4e93-af0a-c142b84aa1f9
"collected rainwater to river, regionalized, US",m3,kg,1000.0,added,5550f1d0-846a-4577-a325-174d9a3dd064
"fresh water, regionalized, IE",m3,kg,1000.0,added,5552571f-716b-47de-8f90-8e421b56d688
"lake water to turbine, regionalized, MX",m3,kg,1000.0,added,564cf3a2-3600-438a-9e2f-99412fb29649
"turbined water to river, regionalized, CH",m3,kg,1000.0,added,565d6bed-8f55-4e86-8059-a7292339fe3d
"river water to turbine, regionalized, US",m3,kg,1000.0,added,567654ea-2369-41ba-b217-720215d611f0
"processed water to lake, regionalized, US",m3,kg,1000.0,added,56bfc40a-e3fc-4742-bcac-2223957bfd5f
"ground water, regionalized, FI",m3,kg,1000.0,added,5735d382-2f68-4652-a001-6fd9ebfdc321
"collected rainwater to lake, regionalized, BA",m3,kg,1000.0,added,57abfbd3-0557-4fe4-95d3-c9de5596e533
"processed water to groundwater, regionalized, LU",m3,kg,1000.0,added,58102c76-005e-466e-8df5-b403f73e6d9c
"lake water, regionalized, CZ",m3,kg,1000.0,added,582c45a0-5166-4e38-85ef-404fa7540318
"lake water, regionalized, ES",m3,kg,1000.0,added,58421dee-bb0d-4ec0-9636-c18cf49829fa
"turbined water to river, regionalized, TR",m3,kg,1000.0,added,5858828d-bc30-4a6b-9cdf-70cce69502ac
"turbined water to lake, regionalized, GR",m3,kg,1000.0,added,586aac0e-c6c5-4ffb-8340-8a48d930ba25
"turbined water to lake, regionalized, EE",m3,kg,1000.0,added,5872d5c0-1364-409c-95b2-85b0d9de2362
"river water to turbine, regionalized, LU",m3,kg,1000.0,added,58b02897-a5ab-4c6b-9acf-b3e7267548d0
"cooling water to lake, regionalized, TH",m3,kg,1000.0,added,58bee463-b315-4a7b-8482-d4f4d32ea5c9
"fresh water, regionalized, VE",m3,kg,1000.0,added,58c2a3d5-a079-4489-8b55-49a36e935cb1
"turbined water to river, regionalized, LV",m3,kg,1000.0,added,58fa248f-483d-467d-af45-76d3b03a7b5c
"collected rainwater to river, regionalized, EE",m3,kg,1000.0,added,5952e5d5-32c5-4ba0-91f9-0dbfdcadf2ef
"turbined water to river, regionalized, CA",m3,kg,1000.0,added,59826249-5c27-40af-a83d-348c2225132b
"collected rainwater to lake, regionalized, UA",m3,kg,1000.0,added,59fbbbdf-1f9c-4013-809a-30f79b9db2eb
"turbined water to lake, regionalized, IN",m3,kg,1000.0,added,5a007be6-5dde-4a57-afa1-4ec35b48775a
"river water, regionalized, US",m3,kg,1000.0,added,5a0c5092-7f66-41b4-a47d-4a641e20f556
"processed water to river, regionalized, TR",m3,kg,1000.0,added,5a24dd54-8c7d-4d20-9a5f-a3ef06541aa4
"cooling water to lake, regionalized, LK",m3,kg,1000.0,added,5a6154f8-5e31-4a68-8a5c-9e93e36fe93b
"lake water to turbine, regionalized, US",m3,kg,1000.0,added,5a8399f7-ea08-4667-bf0d-e32915cb684c
"ground water, regionalized, AR",m3,kg,1000.0,added,5ad71d96-340c-4e11-8c10-67ea50feb928
"cooling water to river, regionalized, KZ",m3,kg,1000.0,added,5b0f3fa3-58aa-44dd-b849-200a087ee6d9
"lake water to turbine, regionalized, IN",m3,kg,1000.0,added,5b14d304-5744-4be1-9e0a-880ae9d10fa0
"lake water, regionalized, BD",m3,kg,1000.0,added,5b412e1d-9a6b-4948-ad11-d505ac38d3f7
"lake water to turbine, regionalized, BE",m3,kg,1000.0,added,5bb193b9-a890-4d92-ad02-69d9a0e94f30
"collected rainwater to lake, regionalized, IN",m3,kg,1000.0,added,5bb6a2d9-d433-4cae-9243-cf0122f82802
"river water to turbine, regionalized, IS",m3,kg,1000.0,added,5c393154-276c-4e0e-844b-bc45b12313c1
"cooling water to river, regionalized, GB",m3,kg,1000.0,added,5c3eb9b5-72cd-4dfb-bbd5-4bdc1a2077eb
"lake water, regionalized, IN",m3,kg,1000.0,added,5ca60dc7-edad-4e68-8a5a-dc70851c663d
"turbined water to river, regionalized, KR",m3,kg,1000.0,added,5cf0dc22-e911-4df7-8f9a-04b7d8809bf4
"cooling water to river, regionalized, PK",m3,kg,1000.0,added,5d18ad10-8d28-410a-ab05-7ed872517303
"collected rainwater to lake, regionalized, BD",m3,kg,1000.0,added,5d94263a-9c96-4f24-9d92-dd1a5d8739ca
"collected rainwater to lake, regionalized, FI",m3,kg,1000.0,added,5da920c6-e9b2-4388-97eb-151b18fdaba1
"lake water to turbine, regionalized, SL",m3,kg,1000.0,added,5e273d98-9d59-488d-bd5b-cb486d8e7603
"collected rainwater to lake, regionalized, SE",m3,kg,1000.0,added,5f191ec8-c7b2-4d1f-91e2-e776c237cdda
freshwater,kg,m3,0.0010,added,5fdac403-9f2c-4a10-b8d6-5367cc9d2d9b
"river water to turbine, regionalized, FI",m3,kg,1000.0,added,601bf35c-17ce-4471-a4b7-9323d1013218
"processed water to groundwater, regionalized, HU",m3,kg,1000.0,added,605a178e-4fbc-40bb-bf9a-6956c7a58fed
"processed water to lake, regionalized, CZ",m3,kg,1000.0,added,60e391e1-4972-48b7-abed-779dc3423859
"cooling water to lake, regionalized, PL",m3,kg,1000.0,added,60f1d0bd-83fe-427a-af2b-402145f907af
"collected rainwater to river, regionalized, IT",m3,kg,1000.0,added,6108648a-87ab-4ee1-8c5d-10a722505528
"turbined water to lake, regionalized, FI",m3,kg,1000.0,added,61504843-af47-4591-b7d9-af87aeeb52aa
"lake water, regionalized, GB",m3,kg,1000.0,added,617dff71-6f1c-4f14-911b-c9fb96017da7
"ground water, regionalized, LV",m3,kg,1000.0,added,61b938a2-c2dc-4b94-90ac-f5c8d153f42e
"processed water to groundwater, regionalized, GB",m3,kg,1000.0,added,61eea9c9-bf71-4e8d-8459-3538cda7e7ef
"cooling water to lake, regionalized, DK",m3,kg,1000.0,added,6205466c-5ff2-4378-b8d3-213acb4237e8
"fresh water, regionalized, AU",m3,kg,1000.0,added,62835e9a-263f-48ff-a703-e6efa3dfcd7e
"river water, regionalized, CA",m3,kg,1000.0,added,62916367-8e94-4645-89f3-5c2a356ef9fc
"lake water, regionalized, ID",m3,kg,1000.0,added,62ff313c-910b-4b80-bfdb-5863ac2fddd1
"fresh water, regionalized, AT",m3,kg,1000.0,added,6313ed6b-0091-433e-ba18-87092afa9346
"processed water to river, regionalized, ID",m3,kg,1000.0,added,63174427-548b-43a0-b08e-6c1cd6358012
"processed water to groundwater, regionalized, BA",m3,kg,1000.0,added,63d0771d-e000-4bc2-a29d-3e780a48fbbe
"river water, regionalized, CL",m3,kg,1000.0,added,63d883ad-4aee-4863-b143-323b6231445f
"fresh water, regionalized, MY",m3,kg,1000.0,added,641b9d88-71df-4157-ace1-b54204a2c244
"processed water to groundwater, regionalized, BD",m3,kg,1000.0,added,6430916d-3e8a-4bc7-8037-209bafe31a72
"cooling water to river, regionalized, VN",m3,kg,1000.0,added,6488d99f-acdb-438c-a47b-c8143f65e35e
"processed water to groundwater, regionalized, CA",m3,kg,1000.0,added,64a7244e-15b1-4aad-b126-9bc673be6f63
"processed water to river, regionalized, SI",m3,kg,1000.0,added,64c9e2bb-72ec-40c6-8ba3-67e0927e2c60
"river water to turbine, regionalized, RU",m3,kg,1000.0,added,6576bcbb-0717-4809-8d3a-ea193700deaa
"processed water to river, regionalized, NO",m3,kg,1000.0,added,6587e82f-8d52-4bd5-bcd8-df8eaa57bf2b
"lake water, regionalized, SI",m3,kg,1000.0,added,65a067de-9609-4ce6-9db1-4221b5a7db77
"fresh water, regionalized, BD",m3,kg,1000.0,added,65c3efca-f9c6-4151-8426-889e2e9bcdee
"processed water to groundwater, regionalized, VE",m3,kg,1000.0,added,66012791-e212-4a2a-b6c1-d6ac476c27c6
"processed water to river, regionalized, CN",m3,kg,1000.0,added,6612a139-496e-44b7-8427-6e801a80629c
"ground water, regionalized, CA",m3,kg,1000.0,added,66e332d8-0ebe-4de8-a12e-e625a2433bcd
"river water to turbine, regionalized, BG",m3,kg,1000.0,added,6714191f-fe6c-4dd5-adcc-8c3aaec9d1f7
"ground water, regionalized, CZ",m3,kg,1000.0,added,672c8c82-4b80-4a4c-ad89-f830cc02427f
"processed water to groundwater, regionalized, SL",m3,kg,1000.0,added,67853b42-dc5a-4bac-a1ca-1a5d6b95bde9
"cooling water to river, regionalized, MK",m3,kg,1000.0,added,6798aca9-684e-4900-be7a-188738b090c7
"processed water to lake, regionalized, UA",m3,kg,1000.0,added,67a11c7c-659f-4fa1-a4e3-5a10b824bff6
Water (rain water),m3,kg,1000.0,added,67f8bf50-0fba-11e7-93ae-92361f002671
"lake water, regionalized, BE",m3,kg,1000.0,added,680ac8b7-c5b6-486b-a6cb-4d137206c78f
"ground water, medium scarcity",m3,kg,1000.0,added,68749070-84fa-418c-b197-564476953df6
"processed water to river, regionalized, CZ",m3,kg,1000.0,added,69469a2d-e0fe-464f-b05d-b7c48efa99c8
"cooling water to lake, regionalized, RO",m3,kg,1000.0,added,6962e2a8-49e3-48e1-8500-c4111ec3e6ba
"ground water, regionalized, LU",m3,kg,1000.0,added,6988b33a-9301-413f-8f81-8da4a445a988
"river water, regionalized, GR",m3,kg,1000.0,added,69f3d386-4616-4e58-9406-d889cb4679b6
"collected rainwater to lake, regionalized, ES",m3,kg,1000.0,added,6a375717-e90a-4f58-be09-9f7992187c98
"collected rainwater to river, regionalized, NO",m3,kg,1000.0,added,6a689bca-8b8b-4292-a6e6-dbbebafce248
"cooling water to river, regionalized, RS",m3,kg,1000.0,added,6a7865d5-dda7-46c5-8f71-a53877dcf2e2
"lake water, regionalized, FI",m3,kg,1000.0,added,6b24a305-5969-4ad7-94f6-43eb81e9e3f7
"cooling water to lake, regionalized, MY",m3,kg,1000.0,added,6c089ac1-2595-4c82-9c5b-354a87b437fc
"cooling water to lake, regionalized, KZ",m3,kg,1000.0,added,6c5fa68c-3509-415c-b310-ce0431244e33
"ground water, regionalized, NZ",m3,kg,1000.0,added,6c748279-1a53-4f35-bb86-5b5a75643dba
"processed water to lake, regionalized, PH",m3,kg,1000.0,added,6c93ec28-c925-4d6f-b8be-678f361507d9
"cooling water to river, regionalized, CA",m3,kg,1000.0,added,6c9847e5-7393-46b2-a2b9-6b9924937bac
"turbined water to river, regionalized, CO",m3,kg,1000.0,added,6c98db6a-3892-47cc-abfd-1b85f09ed11a
"lake water to turbine, regionalized, EE",m3,kg,1000.0,added,6d3ba9dd-26d8-4e9a-9af5-23fc78fdb3ec
"processed water to river, regionalized, LV",m3,kg,1000.0,added,6d413604-6762-4a99-a268-1c93e99e26d2
"fresh water, regionalized, US",m3,kg,1000.0,added,6d97c90a-763f-40ff-b100-bde634d0ba83
"processed water to lake, regionalized, AR",m3,kg,1000.0,added,6da5c1a4-4069-46c9-8b8a-c23925aee355
"collected rainwater to river, regionalized, UZ",m3,kg,1000.0,added,6def1b97-82f4-470b-afe5-b79ee80666e9
"processed water to groundwater, regionalized, LV",m3,kg,1000.0,added,6e61daba-696d-45a2-85d7-a300edda4192
"ground water, regionalized, IS",m3,kg,1000.0,added,6e6bbc28-e007-4bf8-ac4b-1f3943126fb4
"lake water, regionalized, VN",m3,kg,1000.0,added,6e7a4cd2-d610-4f91-88ab-df7c640f6eb1
"processed water to groundwater, regionalized, LK",m3,kg,1000.0,added,6e7f2dcb-54a3-43eb-b7b5-cb2f96156956
"river water to turbine, regionalized, NL",m3,kg,1000.0,added,6e90b40b-130a-44e2-81c3-b4741fdd1416
"lake water, regionalized, UA",m3,kg,1000.0,added,6f0ca8c9-5a82-4c8a-bd8e-dd376d56aa41
"cooling water to river, regionalized, PL",m3,kg,1000.0,added,6f405890-f7c2-432b-8c33-7cb04a923657
"lake water, regionalized, KR",m3,kg,1000.0,added,6fad3dd0-e513-48b1-8c7e-f7fc8b7f89d7
"collected rainwater to lake, regionalized, HU",m3,kg,1000.0,added,6fd6ceb1-656d-4188-b603-a1a81922cafa
"processed water to lake, regionalized, LU",m3,kg,1000.0,added,70904f05-fc2f-4f4c-94fa-a5ce176a1012
"collected rainwater to lake, regionalized, AU",m3,kg,1000.0,added,70fedeb0-f857-40f9-81f8-15c0d9c457c4
"fresh water, regionalized, ZA",m3,kg,1000.0,added,7112d53a-771b-4d27-b0b3-18693b902d7c
"lake water, regionalized, EE",m3,kg,1000.0,added,7136fee6-ed74-4f37-a0a6-20ed595108b7
"processed water to lake, regionalized, EE",m3,kg,1000.0,added,715442bb-ea6c-43e6-9a29-1a314912adfd
"cooling water to lake, regionalized, CH",m3,kg,1000.0,added,718c859a-63f2-4331-8491-88ce9c7e412d
"ground water, regionalized, SI",m3,kg,1000.0,added,71c41113-ef09-455e-994c-ff4f3d714fd8
"collected rainwater to lake, regionalized, VN",m3,kg,1000.0,added,71cc44cf-033d-4f2a-8800-124713ba6e92
"processed water to river, regionalized, LT",m3,kg,1000.0,added,7220ab13-503a-4f45-8242-3abe68c0e706
"ground water, regionalized, DE",m3,kg,1000.0,added,724ccbe1-c2fb-4397-b670-937387a5f2b3
Waste water,m3,kg,1000.0,added,72721c4e-d589-4ad7-8c5e-4228b8690ddb
"processed water to river, regionalized, IN",m3,kg,1000.0,added,728a4f8f-b395-421b-8bc2-bf956010fa14
"river water to turbine, regionalized, BR",m3,kg,1000.0,added,731f164e-9c76-4ddf-b758-8e8049c1ad09
"lake water to turbine, regionalized, GR",m3,kg,1000.0,added,732dfd52-a8cd-4658-a9a4-3a530d26f312
"fresh water, regionalized, BR",m3,kg,1000.0,added,735e8a28-d77d-44ca-95ac-05d41369c942
"collected rainwater to lake, regionalized, RU",m3,kg,1000.0,added,7375e74f-7c88-4452-821b-ca57aa83889a
"lake water to turbine, regionalized, ID",m3,kg,1000.0,added,73d95516-95cc-42b9-aea8-2d2f48c51cc2
Water (evapotranspiration),m3,kg,1000.0,added,73e2c735-8a30-4f18-a846-d7392081a665
"river water, regionalized, AR",m3,kg,1000.0,added,7446f31b-9374-4f5a-b0ae-bab9425cf428
"cooling water to river, regionalized, BA",m3,kg,1000.0,added,748bb562-7538-4b29-bf49-fe468bf18e98
"ground water, regionalized, ES",m3,kg,1000.0,added,749b5db8-5377-4a64-a3c7-13fd08b51916
"collected rainwater to lake, regionalized, CN",m3,kg,1000.0,added,74c5509b-0708-4afb-a0c9-b8715aaa7fed
"collected rainwater to river, regionalized, ES",m3,kg,1000.0,added,74e77b79-d914-4e04-a26e-3e0a965acef9
"fresh water, regionalized, SL",m3,kg,1000.0,added,74f7fe7d-c5eb-4735-9844-cdeaa72dc49e
"river water to turbine, regionalized, NZ",m3,kg,1000.0,added,74fc258c-9fdc-42c4-8721-c60ef474bdb4
"collected rainwater to river, regionalized, TR",m3,kg,1000.0,added,752ae5c6-7bbe-424c-8afb-ee4dc57332fc
"river water to turbine, regionalized, SL",m3,kg,1000.0,added,754c0663-5878-4a2d-999f-78ca934fde6c
"cooling water to lake, regionalized, RU",m3,kg,1000.0,added,75530b75-8e66-4071-984f-9f9e9f087d04
"turbined water to river, regionalized, NO",m3,kg,1000.0,added,756bcc26-9a88-4cfd-8bdd-097f93f83980
"turbined water to lake, regionalized, CA",m3,kg,1000.0,added,7596d513-4e44-4949-927d-9d9800d6c156
"lake water, regionalized, PH",m3,kg,1000.0,added,76e89489-f15f-4ef4-8fe1-c7270f9f0098
"cooling water to lake, regionalized, VE",m3,kg,1000.0,added,76eff293-c8ef-416d-b4ec-fb11c43e49dd
"fresh water, regionalized, PT",m3,kg,1000.0,added,770a1cea-fd4f-4753-98e4-c95a711ff647
"processed water to lake, regionalized, NL",m3,kg,1000.0,added,771543d7-d3b3-4245-8a32-1c7737d6028f
"ground water, regionalized, SG",m3,kg,1000.0,added,774baa49-526d-4987-b154-744d8544d3c9
"collected rainwater to river, regionalized, LV",m3,kg,1000.0,added,775476d7-ba2f-4f5f-9a52-3e410c423035
"collected rainwater to lake, regionalized, IT",m3,kg,1000.0,added,776910be-5aff-4d6a-9563-ece770be06b4
"fresh water, regionalized, TR",m3,kg,1000.0,added,77d6ddb1-03d0-4e26-963f-9666f454f466
"turbined water to lake, regionalized, AU",m3,kg,1000.0,added,77e0b9db-925e-4242-a4dd-c0d67a21de8a
"turbined water to lake, regionalized, BE",m3,kg,1000.0,added,78060c22-cd2b-4c6c-84a5-e455369901e6
"ground water, regionalized, CH",m3,kg,1000.0,added,789b9511-3908-42fc-b1df-c6eeaa0897a0
"river water,  moderate scarcity",m3,kg,1000.0,added,78b3f677-9dfa-430c-b6c2-f14bb1c42020
"turbined water to lake, regionalized, NO",m3,kg,1000.0,added,78f21311-c1b8-4524-8db0-5988f4f857d2
"river water to turbine, regionalized, ES",m3,kg,1000.0,added,78fb6311-8b3f-4954-92c8-d4f4da2a80ec
"lake water, regionalized, TR",m3,kg,1000.0,added,7947e000-fda0-499f-a6f3-56ba6dc6bd7b
"collected rainwater to river, regionalized, ZA",m3,kg,1000.0,added,7971452b-444e-4ab5-96cf-bbedcd65e496
"river water, regionalized, SE",m3,kg,1000.0,added,79ebe012-e549-4af4-b56f-40129eb5b4f3
"ground water, regionalized, NO",m3,kg,1000.0,added,7a0c2b3e-ed9e-470e-8746-3fed1a83a48a
"fresh water, regionalized, FI",m3,kg,1000.0,added,7ac6d996-cf73-4fac-99be-42351282f8fe
"lake water, regionalized, CA",m3,kg,1000.0,added,7af6e6cd-5850-4c9d-aa8b-dd40ec0fb9d5
"river water, regionalized, BA",m3,kg,1000.0,added,7b409f88-ad1f-4a24-8d02-9195b33085ea
"turbined water to lake, regionalized, LV",m3,kg,1000.0,added,7b4d65c2-8524-468f-a8e9-3dbbe3597530
"turbined water to lake, regionalized, FR",m3,kg,1000.0,added,7c2d3678-575d-411f-b1e2-5ca1f742157a
"cooling water to river, regionalized, LT",m3,kg,1000.0,added,7cb8ba96-6fea-4a00-8e2a-6f2df86cc071
"processed water to groundwater, regionalized, CI",m3,kg,1000.0,added,7cbbfdc0-f5ba-48ab-a9f6-91310e9d1e0a
"processed water to river, regionalized, SG",m3,kg,1000.0,added,7cddf94d-9fd3-4868-a9e4-1ffc73c6b3b6
"lake water to turbine, regionalized, UA",m3,kg,1000.0,added,7d022b09-ca3f-4596-88f4-22bebf78527d
"turbined water to river, regionalized, CN",m3,kg,1000.0,added,7d4819e7-dc8d-42af-a387-5fa10435a733
"turbined water to river, regionalized, IT",m3,kg,1000.0,added,7d6ed2b5-ce25-42ca-86b7-a20e7ea4f949
"river water to turbine, regionalized, DK",m3,kg,1000.0,added,7db6dcbf-b8da-4677-a6db-298366ecee78
"turbined water to lake, regionalized, CN",m3,kg,1000.0,added,7e1866f7-f36f-48ba-bba1-b35d95aeec2f
"river water, regionalized, LU",m3,kg,1000.0,added,7eb0e3b3-5eb6-4ddf-b3df-41c1eced0e15
"processed water to lake, regionalized, MY",m3,kg,1000.0,added,7eb1a852-bc6d-4f91-ac54-b5eab18ceed7
"cooling water to river, regionalized, CH",m3,kg,1000.0,added,7eff6d5d-e415-45e3-a682-98c2ef93c547
"river water to turbine, regionalized, IN",m3,kg,1000.0,added,7fc07bfd-49c6-4c78-856d-e4b5de19644b
"turbined water to river, regionalized, UA",m3,kg,1000.0,added,7fc5c31a-861c-4096-aa70-1922d3377a3a
"processed water to river, regionalized, ZA",m3,kg,1000.0,added,7fe98f1e-fed2-40ab-bd2f-4f5b92ffc774
"ground water, regionalized, KR",m3,kg,1000.0,added,810339ba-f660-4461-b502-4ae5f43aa126
Water for industrial use,m3,kg,1000.0,added,81960a30-5488-4358-a28a-a0ee1f43f0f2
"processed water to lake, regionalized, GR",m3,kg,1000.0,added,81d256fb-51f0-4ed5-8fcf-9995dd690917
"processed water to groundwater, regionalized, LT",m3,kg,1000.0,added,82040fe8-7c90-4818-96fa-e4d47c4297aa
waste water - treated,m3,kg,1000.0,added,8215cec6-029b-4297-a8c2-6f893b1f8412
"river water, regionalized, BR",m3,kg,1000.0,added,82a76049-a75e-4ab8-af59-16fb4e29db56
"cooling water to lake, regionalized, LT",m3,kg,1000.0,added,8302fbca-fd09-477c-b5f9-2a23275e22ae
"turbined water to river, regionalized, HU",m3,kg,1000.0,added,83815c4d-bf02-4fa0-8024-5aef8afc148a
"river water to turbine, regionalized, UA",m3,kg,1000.0,added,8433ffb6-bbbb-4c94-9d2e-4c227f2c35cb
"collected rainwater to river, regionalized, LU",m3,kg,1000.0,added,84a4e372-dc54-4ad5-8170-5a3d5f0933c6
"river water to turbine, regionalized, FR",m3,kg,1000.0,added,84b80ace-3d33-4502-8ac3-23cb87c26b88
"cooling water to lake, regionalized, SL",m3,kg,1000.0,added,84db0937-b8f9-494d-9b9a-f7f24a2d9f08
"turbined water to lake, regionalized, RS",m3,kg,1000.0,added,84ee060c-f002-461a-ab53-709510bb1061
"collected rainwater to lake, regionalized, PL",m3,kg,1000.0,added,85f63186-e3d3-4792-9051-2e156f69cd47
"turbined water to river, regionalized, UZ",m3,kg,1000.0,added,861cbff1-363a-4ae4-9b8f-bc0f2343921a
"lake water, regionalized, DE",m3,kg,1000.0,added,86461333-fdbb-4efb-a2ce-16fb225c16f2
"river water, regionalized, CI",m3,kg,1000.0,added,86570724-b95f-4c1f-a60e-721e35149e40
"turbined water to lake, regionalized, HU",m3,kg,1000.0,added,86b3a7f2-1c16-47c0-9f6f-66e35827d619
"cooling water to lake, regionalized, US",m3,kg,1000.0,added,8719f66b-55c0-4dea-9410-e26529ee9e5e
"collected rainwater to river, regionalized, GR",m3,kg,1000.0,added,873b7fb4-7a63-4cbb-94a6-5bf10fe4a0b6
"fresh water, regionalized, MK",m3,kg,1000.0,added,874891f3-2d4b-4306-b31b-5153775331b2
"turbined water to lake, regionalized, MY",m3,kg,1000.0,added,87cf6984-f415-47b8-b94c-c8fe8c5c593e
"fresh water, regionalized, CH",m3,kg,1000.0,added,87e88eb8-8ec6-4aba-b50f-b071f84d8872
"fresh water, regionalized, BE",m3,kg,1000.0,added,885f46ee-fccd-4b31-989e-a7c5c4093bed
"cooling water to river, regionalized, CL",m3,kg,1000.0,added,8890cd6c-814d-448b-8474-bb578a798790
"turbined water to river, regionalized, LK",m3,kg,1000.0,added,889ed3ed-be30-4697-b943-e2290f66bb8d
"cooling water to lake, regionalized, ES",m3,kg,1000.0,added,88f66b61-ac81-4259-85c9-6a61fc2aeb0a
"lake water to turbine, regionalized, AU",m3,kg,1000.0,added,891b025d-319d-4d07-9aea-5127240cbca8
"processed water to lake, regionalized, IE",m3,kg,1000.0,added,89499d12-a13b-4b07-a6e3-7e25c02080ff
"river water, regionalized, IS",m3,kg,1000.0,added,89837410-9ac5-4d36-8429-f462ebfc2995
"ground water, regionalized, BR",m3,kg,1000.0,added,8998e053-091c-4158-9ecc-308b8c1eca1c
"cooling water to river, regionalized, UA",m3,kg,1000.0,added,89aa7efc-fdff-409a-95eb-b953697ae8ac
"collected rainwater to lake, regionalized, GB",m3,kg,1000.0,added,8a1404d1-05a8-4503-8054-ef6216ffced2
"processed water to lake, regionalized, RO",m3,kg,1000.0,added,8a629526-befa-4063-a9c5-61ed3aedc2bc
"processed water to groundwater, regionalized, CL",m3,kg,1000.0,added,8aef6275-4a7f-4440-930c-0178363d9b80
"river water, regionalized, BG",m3,kg,1000.0,added,8b34b4ca-a10d-46a9-8fe4-b8fa2dfd8d0c
"lake water to turbine, regionalized, IE",m3,kg,1000.0,added,8b3f2e91-e537-4c5b-9946-3a2ca60425e9
Green water,kg,m3,0.0010,added,8b54ef24-0b18-11e7-93ae-92361f002671
Fossil water,kg,m3,0.0010,added,8b54f35c-0b18-11e7-93ae-92361f002671
"cooling water to lake, regionalized, AU",m3,kg,1000.0,added,8c535206-642a-470e-b5c1-a70b95eaed36
"river water, regionalized, VN",m3,kg,1000.0,added,8d27c5b8-b73c-48f8-ba62-0bcd6532e7f4
"cooling water to lake, regionalized, ZA",m3,kg,1000.0,added,8d359692-e3d8-44ae-a546-df5ab665fab8
"cooling water to lake, regionalized, BD",m3,kg,1000.0,added,8d368815-c32d-4e42-85ba-89c343d5ae0b
"collected rainwater to lake, regionalized, SL",m3,kg,1000.0,added,8d587cba-88e1-4135-a7c4-1370406c3979
"turbined water to lake, regionalized, SI",m3,kg,1000.0,added,8d852afd-e883-4414-8ec2-204d5f26e9f5
"collected rainwater to lake, regionalized, DK",m3,kg,1000.0,added,8d87cfc8-b56c-4c2c-9117-443da6ef55dc
"processed water to river, regionalized, RU",m3,kg,1000.0,added,8d9d3970-7acd-4b6a-ad90-7680777d701e
"cooling water to river, regionalized, SI",m3,kg,1000.0,added,8df74e0d-156c-453d-b26a-b9cb1c04827b
"collected rainwater to river, regionalized, BR",m3,kg,1000.0,added,8e0cd091-b231-48ba-a1f0-ad25fac62c33
"lake water, extreme scarcity",m3,kg,1000.0,added,8e0effcb-0b79-4e31-a822-127dff63f1ff
"processed water to lake, regionalized, SE",m3,kg,1000.0,added,8e685b16-4f3e-40e4-92dc-6aeb995ae220
"river water, regionalized, BE",m3,kg,1000.0,added,8e79ffb5-e1f6-4675-9bd1-ddf32ea19845
"lake water to turbine, regionalized, FR",m3,kg,1000.0,added,8ea9dab2-01dc-4274-9767-be9b0b2a8c0b
"processed water to river, regionalized, MK",m3,kg,1000.0,added,8ebf40e2-e7c0-407f-88c6-8dc234f9f89d
"lake water to turbine, regionalized, ZA",m3,kg,1000.0,added,8edbdd11-68aa-444d-b755-9aa21b93c7df
"ground water, regionalized, AU",m3,kg,1000.0,added,8f1e3568-d79f-4704-b877-1111e7e2dbf4
"lake water, regionalized, TH",m3,kg,1000.0,added,8f6ca892-c528-4d91-8e18-22bbb1e71f36
"fresh water, regionalized, JP",m3,kg,1000.0,added,8fab7117-f412-4e3e-a8e9-1b41e9f8e8f2
"collected rainwater to river, regionalized, RS",m3,kg,1000.0,added,8ffd8bf3-6c4d-4cef-b4c6-85f144ea6f85
"lake water, regionalized, CH",m3,kg,1000.0,added,9010678e-c7fd-4325-96e2-6dd6ff834b64
"river water, regionalized, BD",m3,kg,1000.0,added,90154449-f1ce-409d-8ce6-97adb97c0e2e
"river water to turbine, regionalized, SE",m3,kg,1000.0,added,903d6b9e-5df2-4629-b358-c0ff2e37f4ba
"river water to turbine, regionalized, BA",m3,kg,1000.0,added,90685ce3-24ed-4354-8c8a-abe6080a676f
"turbined water to river, regionalized, DE",m3,kg,1000.0,added,90bb440b-5c4d-4b01-bd92-d3560409df0b
"cooling water to river, regionalized, ID",m3,kg,1000.0,added,90f118ae-6294-41a1-acf9-2fe38351c4aa
"turbined water to lake, regionalized, KR",m3,kg,1000.0,added,910291d3-59d0-4583-8011-5032395edb52
"ground water, very high scarcity",m3,kg,1000.0,added,912b9d75-efb7-4003-868a-cece3831c5b3
"cooling water to lake, regionalized, FR",m3,kg,1000.0,added,9159622d-bf57-48c9-9dd0-74e09d9e4420
"collected rainwater to river, regionalized, FR",m3,kg,1000.0,added,9161998f-0ba1-4741-803f-bcbc1a0e66c2
"collected rainwater to river, regionalized, NG",m3,kg,1000.0,added,9218f815-5513-4b72-b6ab-fac9e68d15e3
"turbined water to lake, regionalized, BA",m3,kg,1000.0,added,923acac4-19da-4c15-9b49-491f3a67be20
"river water,  medium scarcity",m3,kg,1000.0,added,929eed14-a304-41e0-bcfd-4885070ef7d5
"collected rainwater to river, regionalized, ID",m3,kg,1000.0,added,934bb167-51e1-41ab-9e03-536b86e5e417
"collected rainwater to river, regionalized, BD",m3,kg,1000.0,added,9363048b-f168-4a18-9000-bab8dd1d0c86
"processed water to groundwater, regionalized, IS",m3,kg,1000.0,added,93c95d98-bbd5-4bfe-ace1-f6f1d92a775f
"fresh water, regionalized, IN",m3,kg,1000.0,added,93e56986-7bf9-49b0-a01c-576d1227db15
"river water, regionalized, LK",m3,kg,1000.0,added,9407eca4-48c8-4499-8b31-605107309a0b
"river water, regionalized, PL",m3,kg,1000.0,added,9442b36b-70ac-4e84-9007-1a0566d9d671
"processed water to lake, regionalized, CI",m3,kg,1000.0,added,9458546b-a458-4727-9f65-a120d6492083
"ground water, regionalized, UZ",m3,kg,1000.0,added,94911a1a-7e80-4929-8af2-6c241a3ed8b2
"processed water to lake, regionalized, NZ",m3,kg,1000.0,added,94e7c48b-8cce-460b-95ec-5f6b350d127a
"turbined water to river, regionalized, AR",m3,kg,1000.0,added,952144ce-2f8b-4220-92e6-4321cc6f913c
"collected rainwater to lake, regionalized, LT",m3,kg,1000.0,added,95312f11-a8ec-46d3-98d0-6cdaf8e6a36c
"processed water to river, regionalized, VE",m3,kg,1000.0,added,953a5b64-55dd-4f2c-9cd8-2e5c33d7a60c
"turbined water to river, regionalized, VE",m3,kg,1000.0,added,962ca7c9-5055-4d63-a47e-d336441a2e0d
"turbined water to lake, regionalized, CZ",m3,kg,1000.0,added,968a1b27-e362-425b-9192-bb4862cf967d
"lake water to turbine, regionalized, BR",m3,kg,1000.0,added,96fe6943-f17c-4d23-a0fb-f2730e1d589f
"cooling water to river, regionalized, LU",m3,kg,1000.0,added,97324f12-2702-4a31-88d8-7b798617d081
"river water to turbine, regionalized, LK",m3,kg,1000.0,added,97ace639-f4a4-40b4-aaa0-21ed7caa48d0
"collected rainwater to river, regionalized, PT",m3,kg,1000.0,added,97db20c5-b03a-4a88-8702-5344238b0dfd
"collected rainwater to lake, regionalized, TR",m3,kg,1000.0,added,98a11f86-6569-418c-9424-e24cd541c20c
"ground water, regionalized, CI",m3,kg,1000.0,added,98ed05bd-aa79-41dd-8e2e-3eae3df25d18
"cooling water to river, regionalized, US",m3,kg,1000.0,added,990fff41-2bc7-4361-af82-2761c7c442c5
"processed water to river, regionalized, LK",m3,kg,1000.0,added,99c8b227-5ea1-44f0-ac0c-ad9402dfb7e9
"processed water to lake, regionalized, SL",m3,kg,1000.0,added,9a724181-83ca-406e-b7ad-6963f6a60831
"river water, regionalized, LT",m3,kg,1000.0,added,9a992aeb-8916-40ab-b31d-19b862786a6d
"river water, regionalized, KR",m3,kg,1000.0,added,9aa4c2fc-dfe3-4cd1-86d9-7180017adfa5
"cooling water to lake, regionalized, BE",m3,kg,1000.0,added,9aedc1c8-c46a-4bc3-8921-3d29641bb69c
"turbined water to lake, regionalized, CO",m3,kg,1000.0,added,9b2a9844-3143-4b06-a6ec-523323a6bdcb
"fresh water, regionalized, RS",m3,kg,1000.0,added,9b37a4f2-1f6b-4757-8064-15cb00d68082
"lake water, regionalized, ZA",m3,kg,1000.0,added,9b6cdf04-c991-4950-9730-cf7fc7ca565e
"ground water, regionalized, UA",m3,kg,1000.0,added,9bbf732c-166a-4523-9c59-b53eb0379712
"river water to turbine, regionalized, TR",m3,kg,1000.0,added,9c69e6db-9307-4f38-b4a1-92413e17c9af
"turbined water to lake, regionalized, ES",m3,kg,1000.0,added,9ccd6b1e-f29a-4a67-b87a-3051b4f8b309
"turbined water to river, regionalized, ID",m3,kg,1000.0,added,9ce3b338-42cd-4656-97e0-6702ff5ff7fa
"cooling water to lake, regionalized, NZ",m3,kg,1000.0,added,9d9cb062-6926-4509-964b-fb014df2cc3a
"turbined water to lake, regionalized, IE",m3,kg,1000.0,added,9de44d82-44c2-4c92-a6d1-ea0b4583bfab
"lake water, regionalized, LT",m3,kg,1000.0,added,9e9de160-3fc0-4125-bd3d-a23a37e9bfd7
"lake water to turbine, regionalized, DE",m3,kg,1000.0,added,9ebe8764-cf79-4659-bc0c-d3149f1fe76e
"processed water to groundwater, regionalized, RS",m3,kg,1000.0,added,9ec42fd9-b2e1-4827-8186-e7e47112c35c
"processed water to groundwater, regionalized, TR",m3,kg,1000.0,added,9ec69841-a29d-4583-a23a-44f973fde090
"processed water to lake, regionalized, TR",m3,kg,1000.0,added,9ecab963-9708-4787-9f64-522358ffa2fa
"cooling water to lake, regionalized, SI",m3,kg,1000.0,added,9ed90e62-9f51-4d6c-b06f-4e3893de4af2
"processed water to groundwater, regionalized, PK",m3,kg,1000.0,added,9edf77ef-a37b-49b4-92d0-83824b09856a
"lake water, regionalized, PK",m3,kg,1000.0,added,9eea5d93-412c-438a-818e-b0988bba83da
"lake water, regionalized, MK",m3,kg,1000.0,added,9f191e34-db20-4c8b-b21a-fdc322ecf9f0
"river water to turbine, regionalized, KR",m3,kg,1000.0,added,9fe0e098-8f92-4acb-840e-6eb004b1ddc0
"lake water to turbine, regionalized, PH",m3,kg,1000.0,added,9fe892fa-c23b-428a-a7d2-b8d64a9f537c
"processed water to river, regionalized, UA",m3,kg,1000.0,added,9ff028fa-8d96-44fd-b578-6c5d1180e606
"collected rainwater to river, regionalized, SE",m3,kg,1000.0,added,9ff53319-9218-4314-bdb3-f87e83141f2c
"processed water to lake, regionalized, ZA",m3,kg,1000.0,added,a02a0986-55f2-447b-9a0e-235230e8a3cd
"river water to turbine, regionalized, GB",m3,kg,1000.0,added,a037d15d-7220-4595-a34c-d73c15b2f211
"lake water, regionalized, CO",m3,kg,1000.0,added,a0390cc7-c0d0-481b-9d38-f5c77a1abde1
"cooling water to lake, regionalized, LU",m3,kg,1000.0,added,a0532f67-f587-4c93-84d6-0609002006dc
"collected rainwater to river, regionalized, MY",m3,kg,1000.0,added,a0f8a92b-f7f6-47b7-8e2e-cad140e013f5
"processed water to groundwater, regionalized, CZ",m3,kg,1000.0,added,a10b55d1-8b5d-46f9-b1a7-20732e07e4a0
"river water, regionalized, AU",m3,kg,1000.0,added,a1d4cf0f-2ec2-4ab8-be37-d78bda1946a7
"river water to turbine, regionalized, EE",m3,kg,1000.0,added,a20b28cf-d8df-4da5-bc84-2c19518c3943
"lake water to turbine, regionalized, MK",m3,kg,1000.0,added,a20c3fbb-2148-4347-a7e4-c4a33739bc0c
"collected rainwater to lake, regionalized, TH",m3,kg,1000.0,added,a2563a54-2912-4157-b2ad-4b1e6aa96447
"lake water to turbine, regionalized, AR",m3,kg,1000.0,added,a2572f7f-2a8e-4842-91d7-f360171b2354
"lake water, regionalized, LK",m3,kg,1000.0,added,a2b47db5-c949-4bb0-90b4-b1b576c40f02
"cooling water to lake, regionalized, IT",m3,kg,1000.0,added,a2b8122b-138f-4c54-a42e-c52aba27850f
"cooling water to river, regionalized, BD",m3,kg,1000.0,added,a2c4fb6a-7afd-4c22-aba5-cb82f7135c2d
"fresh water, regionalized, SG",m3,kg,1000.0,added,a3056564-b143-4422-a0a5-807a4ec71aae
"river water, regionalized, VE",m3,kg,1000.0,added,a30d6526-80a1-47ca-9b4d-edc4301e8963
"collected rainwater to river, regionalized, BE",m3,kg,1000.0,added,a30f244f-69e1-4bda-8652-ba149c55df1f
"cooling water to lake, regionalized, UZ",m3,kg,1000.0,added,a34e252c-27ff-4921-baa5-0f2ad645beff
"processed water to groundwater, regionalized, NG",m3,kg,1000.0,added,a3611eea-7bf9-46a8-ab53-f3ae19d80c9e
"river water, regionalized, SI",m3,kg,1000.0,added,a394c0bf-66d2-440e-8a34-3b2d8d16a370
"fresh water, regionalized, SE",m3,kg,1000.0,added,a3b09414-0305-437d-8809-e39ebaf26f9c
"collected rainwater to river, regionalized, LT",m3,kg,1000.0,added,a3d1193b-2c5a-4682-9565-ac5e0f63e1ec
"turbined water to lake, regionalized, CH",m3,kg,1000.0,added,a471313c-f63b-419c-888a-24dca1b1597c
"fresh water, regionalized, NZ",m3,kg,1000.0,added,a4a4244c-c3f6-4eed-861d-c6f6eaf6e83c
"processed water to groundwater, regionalized, AT",m3,kg,1000.0,added,a4b80eb9-5a6a-4d92-9c50-15cc74e5c2d1
"processed water to groundwater, regionalized, MY",m3,kg,1000.0,added,a4b98d25-dfc6-493c-8478-c6020e9d1fe2
"river water to turbine, regionalized, HU",m3,kg,1000.0,added,a4ea3cbe-b438-4f6a-86b3-5eb04fd68442
"cooling water to lake, regionalized, SE",m3,kg,1000.0,added,a566073a-8944-45ae-980b-b7677b4a25bd
"cooling water to lake, regionalized, HU",m3,kg,1000.0,added,a5e71bc6-0d3b-43be-a1a0-5aa873114d12
"lake water, regionalized, JP",m3,kg,1000.0,added,a609858d-bfea-41a3-9189-67af37f1f47b
"turbined water to river, regionalized, BG",m3,kg,1000.0,added,a6516552-c67a-416d-bd7f-1e0473c3447e
"processed water to lake, regionalized, CL",m3,kg,1000.0,added,a699eca5-832d-46e4-a40d-770f952244dd
"river water, regionalized, CO",m3,kg,1000.0,added,a6b53051-f0b4-42f6-a766-538eb38dc25f
"cooling water to river, regionalized, SG",m3,kg,1000.0,added,a6dd6e78-cfed-4dca-af60-dca9a73491c1
"turbined water to river, regionalized, KZ",m3,kg,1000.0,added,a6f4b1d2-bffa-4406-ada7-50186d781f5d
"processed water to lake, regionalized, BA",m3,kg,1000.0,added,a7851ba6-728c-4156-b7df-90e41816032c
Water (fresh water),m3,kg,1000.0,added,a7a7d264-116f-4093-8070-26bb0d4346c9
"turbined water to river, regionalized, MY",m3,kg,1000.0,added,a7faeca9-67a3-4e01-b211-8e1243393212
"collected rainwater to river, regionalized, NL",m3,kg,1000.0,added,a818952e-83fe-48be-b128-e7122bec9d95
"collected rainwater to river, regionalized, CH",m3,kg,1000.0,added,a8404e4e-4d6c-40d0-a192-83e53f80f1cd
"turbined water to river, regionalized, GB",m3,kg,1000.0,added,a8effbbe-b269-41c1-8f33-61dc9dcc477a
"collected rainwater to lake, regionalized, IS",m3,kg,1000.0,added,a949d9d2-3c7b-46dc-b25a-8c01947555a5
"turbined water to river, regionalized, PT",m3,kg,1000.0,added,aa6bb8f1-e0a4-4ea7-b84b-cbbd52b1b153
"turbined water to lake, regionalized, VN",m3,kg,1000.0,added,aacca57f-d3a8-4e8e-9981-f966e5fc8a76
"cooling water to lake, regionalized, ID",m3,kg,1000.0,added,ab1aeed6-ca4c-437b-a4be-d42b873f944f
"fresh water, regionalized, DE",m3,kg,1000.0,added,ab30fd4d-2568-4953-9f0d-70606616ef33
"collected rainwater to lake, regionalized, UZ",m3,kg,1000.0,added,ac0996bd-d4fd-4b5a-93f8-6afd14598965
"ground water, regionalized, VN",m3,kg,1000.0,added,ac26bfc9-5c5d-4f25-9063-7ada0e3af9f5
"processed water to lake, regionalized, PT",m3,kg,1000.0,added,ac526bc3-f867-4862-9b89-9e6dea51175d
"processed water to river, regionalized, EE",m3,kg,1000.0,added,ac67851e-0db8-42e2-b19f-3f8fb9b6388d
"river water,  extreme scarcity",m3,kg,1000.0,added,aca683fa-d295-418f-b8bb-17babfa5cb6d
"cooling water to river, regionalized, TR",m3,kg,1000.0,added,ad06891b-a94a-43c8-a96c-15d19e7c7aa4
"turbined water to river, regionalized, MX",m3,kg,1000.0,added,ad6cedf3-abca-4db9-bd3e-8f45ff3dd8f6
"turbined water to river, regionalized, ZA",m3,kg,1000.0,added,ad712f91-ac11-402a-97b3-2732cf4137f3
"river water to turbine, regionalized, GR",m3,kg,1000.0,added,adb1f3e6-489c-4e52-832d-4fb876e238e0
"turbined water to lake, regionalized, CL",m3,kg,1000.0,added,adb5baa6-5046-4e14-a3ab-448a6cda0cc1
"turbined water to lake, regionalized, SK",m3,kg,1000.0,added,ade67db4-6cae-4458-86d6-834825192a90
"processed water to lake, regionalized, IN",m3,kg,1000.0,added,ae1fbecf-ec80-428d-bd4d-ebb6c7c358e0
"processed water to groundwater, regionalized, KR",m3,kg,1000.0,added,aea6f1d1-fc08-4f27-99ad-4a38124cfff1
"collected rainwater to lake, regionalized, GR",m3,kg,1000.0,added,aeeec11b-0a2d-42fb-90de-7207602ecb92
"river water to turbine, regionalized, SI",m3,kg,1000.0,added,af23a019-2b12-473a-9bcf-c7f185676841
"ground water, regionalized, NL",m3,kg,1000.0,added,af74c70b-220e-40e0-a6f3-47539ecc964c
"lake water, regionalized, US",m3,kg,1000.0,added,af789f43-d911-4202-a0a2-5a4f404540ff
"lake water, regionalized, BA",m3,kg,1000.0,added,afce361f-ccef-4bfb-8e79-77a6359e612f
"turbined water to river, regionalized, AT",m3,kg,1000.0,added,affc3d16-50d3-4f6b-86a1-fad95f3cc18c
"fresh water, regionalized, CZ",m3,kg,1000.0,added,b0226774-7d65-4dc5-9bfa-9f8332dc24ca
"river water to turbine, regionalized, DE",m3,kg,1000.0,added,b035327a-8b0e-49ca-9b96-1f83be180689
"turbined water to river, regionalized, BD",m3,kg,1000.0,added,b05b7a17-9e20-4753-abc1-56351ec79064
"processed water to groundwater, regionalized, NO",m3,kg,1000.0,added,b09b06c4-df5d-48bc-bf3e-a211d64a0bcd
"collected rainwater to lake, regionalized, US",m3,kg,1000.0,added,b09ea9a0-3cb3-43f0-aef7-792917465ead
"lake water, regionalized, GR",m3,kg,1000.0,added,b0aa2270-bf45-435e-ba8e-0b4485cf94c2
"lake water to turbine, regionalized, SE",m3,kg,1000.0,added,b0d3c57f-9850-460c-89f1-91a7b91da801
"cooling water to lake, regionalized, PT",m3,kg,1000.0,added,b0e45c47-bfc4-4ddc-bd0e-d6376181f32e
"ground water, regionalized, KZ",m3,kg,1000.0,added,b0f76330-e9a4-479a-b7fa-16842cdb8b84
"fresh water, regionalized, CA",m3,kg,1000.0,added,b1043706-674d-48d9-9b3f-0e25ce64b624
"processed water to lake, regionalized, FR",m3,kg,1000.0,added,b147085e-db59-4d57-b3a2-9c213e35292a
"turbined water to lake, regionalized, UZ",m3,kg,1000.0,added,b1ad6c73-b4c8-4d37-8f36-85752d4b58d2
"river water, regionalized, UZ",m3,kg,1000.0,added,b1b5983c-899e-4300-a6bc-17eab0e608ff
"Water (river water from technosphere, rain water)",m3,kg,1000.0,added,b1f08696-54fa-458d-9a6b-af614db865e6
"turbined water to river, regionalized, CL",m3,kg,1000.0,added,b21e8dfc-1b21-47b6-8d51-40213fbbd82a
"processed water to river, regionalized, PK",m3,kg,1000.0,added,b22949eb-c075-46b9-842a-25e2dac0c41a
"processed water to river, regionalized, CL",m3,kg,1000.0,added,b3170eb6-a4ed-4dfd-b63c-0a26b08c60f2
"ground water, regionalized, CN",m3,kg,1000.0,added,b34fd4ad-67e0-4ee5-9591-6a5650304627
"cooling water to river, regionalized, BG",m3,kg,1000.0,added,b354dc12-00c7-406d-819f-438093173acb
"fresh water, regionalized, MX",m3,kg,1000.0,added,b35566b4-5c1d-4023-937d-a5b8301ca34e
"turbined water to river, regionalized, SG",m3,kg,1000.0,added,b35fee69-e194-4224-a824-2b91d9e4ce3d
"processed water to lake, regionalized, ID",m3,kg,1000.0,added,b37560e0-76e7-49cd-955b-ad3340a6bf29
"lake water to turbine, regionalized, IT",m3,kg,1000.0,added,b531b4e5-3b40-4f05-89f7-2e86caf9be2e
"ground water, regionalized, FR",m3,kg,1000.0,added,b793d098-7c75-43b6-9b85-1199a072f7d3
"lake water to turbine, regionalized, BA",m3,kg,1000.0,added,b7c42f30-9852-4de2-8c5f-dc220e34f0a9
"processed water to lake, regionalized, SK",m3,kg,1000.0,added,b82f806b-8f6e-47b0-b116-762a5b6bf443
"river water to turbine, regionalized, CA",m3,kg,1000.0,added,b84f9544-4ba2-481a-a1a5-b7f7a1b9417a
"collected rainwater to lake, regionalized, PH",m3,kg,1000.0,added,b874232c-9caf-43cc-8e17-a7db70c54183
"processed water to lake, regionalized, DK",m3,kg,1000.0,added,b88703f3-a48f-4805-9fd0-be8eb9c43a1e
"cooling water to lake, regionalized, GB",m3,kg,1000.0,added,b88d1ab3-9298-4a95-9351-b47a8deea71f
"collected rainwater to river, regionalized, AT",m3,kg,1000.0,added,b8ee7dda-9518-4b6a-b302-3db7be1e66bc
"cooling water to river, regionalized, KR",m3,kg,1000.0,added,b93b5237-35b8-419c-a0e3-afde17279aab
"fresh water, regionalized, CO",m3,kg,1000.0,added,b9582516-a20f-4264-9d51-28bf228dc5e8
"river water to turbine, regionalized, KZ",m3,kg,1000.0,added,b96fcc77-1fcb-4f74-ad69-2c3546185c8d
"ground water, regionalized, PK",m3,kg,1000.0,added,b97b2a4f-3eca-47cf-aee3-6b7969e7bf47
"processed water to groundwater, regionalized, US",m3,kg,1000.0,added,b97d6c11-dcc6-4d35-8efc-226fb365632e
"turbined water to river, regionalized, ES",m3,kg,1000.0,added,baa373e5-ef05-42bb-9272-f0c2cf98ddfd
"processed water to groundwater, regionalized, BG",m3,kg,1000.0,added,bacebf2f-60b4-48d3-bb5b-8627b1553650
"processed water to river, regionalized, SK",m3,kg,1000.0,added,baef8fca-f8f0-4613-a4c6-235a645d5473
"river water, regionalized, JP",m3,kg,1000.0,added,bbe60eea-cc31-4bd0-b47a-b451230d06c7
"turbined water to lake, regionalized, JP",m3,kg,1000.0,added,bc4f72f2-faee-4d12-aca1-50baf9fd0c7b
"collected rainwater to river, regionalized, DK",m3,kg,1000.0,added,bc867339-1f20-4c81-bc18-857161be61d7
"river water, regionalized, CZ",m3,kg,1000.0,added,bd508cdd-e1d9-4b3a-b054-c3c1abd1fd95
"lake water to turbine, regionalized, NZ",m3,kg,1000.0,added,bd5fb8d8-ce2e-460d-8a7d-4383d3d58403
"processed water to river, regionalized, AT",m3,kg,1000.0,added,bd62e289-5679-4ce4-9670-9b2c6de1a7a4
"collected rainwater to river, regionalized, BA",m3,kg,1000.0,added,bd9e9bc7-7286-4dcb-89ca-af1434395327
"turbined water to lake, regionalized, PT",m3,kg,1000.0,added,bdbd5abf-acd0-4d1e-be45-ad79d18c8bd4
"fresh water, regionalized, LV",m3,kg,1000.0,added,be07d69c-bc11-439a-bb98-d7cbbd11060e
"processed water to groundwater, regionalized, FI",m3,kg,1000.0,added,be448590-0ca3-4cfe-94d3-212fd917f4e4
"processed water to groundwater, regionalized, CO",m3,kg,1000.0,added,bee856b5-6ec7-4e8c-affd-8751c1c7bc90
"lake water to turbine, regionalized, PT",m3,kg,1000.0,added,bef7a3c8-1867-4446-8c29-4aa80ce57bb9
"cooling water to river, regionalized, DK",m3,kg,1000.0,added,bef86df1-1ea4-4dff-8d35-c94072626236
"processed water to river, regionalized, AU",m3,kg,1000.0,added,bfae40bc-f917-4efc-a941-a277a1644084
"river water to turbine, regionalized, MX",m3,kg,1000.0,added,c0b4f246-6181-4c66-be0e-7dc9929adb76
"collected rainwater to river, regionalized, AU",m3,kg,1000.0,added,c143f971-de4f-41b0-a90f-1cabfa5f871b
"river water, regionalized, ES",m3,kg,1000.0,added,c1b5f16b-a824-41a2-9d8b-cd066f2d6926
"lake water to turbine, regionalized, CI",m3,kg,1000.0,added,c1f55418-df42-444b-ad28-8cf35eed34e4
"lake water, medium scarcity",m3,kg,1000.0,added,c20afd34-dcb4-4520-8b4f-357776c29e68
"collected rainwater to river, regionalized, CO",m3,kg,1000.0,added,c24a6181-b909-45d9-b8b3-e3cc6b4fad8a
"processed water to lake, regionalized, KZ",m3,kg,1000.0,added,c2b8c027-ec3c-4d65-904d-91b0f97657db
"processed water to river, regionalized, BD",m3,kg,1000.0,added,c303caa2-f0f2-4afb-b6e6-1851e3537ad3
"collected rainwater to river, regionalized, GB",m3,kg,1000.0,added,c35d822a-30b3-43b0-acb0-8d6ff50f9b0e
"processed water to lake, regionalized, CA",m3,kg,1000.0,added,c39ee752-ad0a-4244-8df1-8417fc30e669
"fresh water, regionalized, NO",m3,kg,1000.0,added,c3cd9d1d-47a4-4050-8c2b-c1f0d53c692b
"collected rainwater to river, regionalized, VE",m3,kg,1000.0,added,c3dbc9ac-bb23-44df-83f3-13576a0aa497
"fresh water, regionalized, RO",m3,kg,1000.0,added,c40e3124-d000-4b99-91d7-81982af1061d
"ground water, regionalized, LK",m3,kg,1000.0,added,c48a2982-09b8-4cc3-b647-7db82bb0253e
"fresh water, regionalized, GR",m3,kg,1000.0,added,c494cce1-0c70-4695-815a-cf151ac25c55
"processed water to lake, regionalized, ES",m3,kg,1000.0,added,c4becbf2-106a-401d-acc7-65768c9a2a37
"turbined water to river, regionalized, EE",m3,kg,1000.0,added,c4ccb4cd-0d25-482b-a317-01635a458c9d
lake water,kg,m3,0.0010,added,c506b970-7b92-452f-8d6f-05d4f203d958
"processed water to river, regionalized, BE",m3,kg,1000.0,added,c51b87b1-27a1-45d7-809b-995d28183cd2
"river water,  OECD average scarcity",m3,kg,1000.0,added,c5491df7-f2e4-4abd-8909-e1e3d7b2716c
"lake water, low scarcity",m3,kg,1000.0,added,c56bf55f-69d6-4bd5-b18e-f80e2d8b0939
"lake water, regionalized, PL",m3,kg,1000.0,added,c57169ae-69af-4017-b7e6-7d87e57ff3f8
"cooling water to lake, regionalized, NL",m3,kg,1000.0,added,c5b08309-a0e2-4d3e-b9c0-3b49bf9f2c89
"lake water, regionalized, CI",m3,kg,1000.0,added,c68d927c-982a-47b5-97a0-09e35f3c4bae
Water (desalinated; deionized),m3,kg,1000.0,added,c707e768-2a44-4b33-8218-e8dcdb345132
"processed water to groundwater, regionalized, IE",m3,kg,1000.0,added,c733e05a-0ace-4795-bd40-c49d7d06fe5e
"turbined water to lake, regionalized, NZ",m3,kg,1000.0,added,c753db8a-2201-4185-8739-db649151838a
"fresh water, regionalized, KR",m3,kg,1000.0,added,c75eeecb-d396-4be7-83ba-0d0f220c1649
"turbined water to river, regionalized, BR",m3,kg,1000.0,added,c794b5b0-a351-4e34-9af7-a92504ed6a4d
"turbined water to lake, regionalized, TR",m3,kg,1000.0,added,c7a24a69-125c-4e27-be6c-b6521d50ad33
"processed water to river, regionalized, VN",m3,kg,1000.0,added,c82c7d1b-db8f-407f-9112-ff604fdb7a5d
"river water to turbine, regionalized, ID",m3,kg,1000.0,added,c830618a-0d1b-44ea-a521-7262b5cc1347
"turbined water to lake, regionalized, RU",m3,kg,1000.0,added,c8a13e80-107f-4bbe-932a-1b03d654146f
"processed water to groundwater, regionalized, CN",m3,kg,1000.0,added,c9045c23-fb26-442e-ba9f-4ec43e12ff99
"processed water to lake, regionalized, CH",m3,kg,1000.0,added,c91cba2c-af4a-4332-b5fe-74713d796ffa
"collected rainwater to river, regionalized, AR",m3,kg,1000.0,added,c96b9366-e389-4858-bc2e-0976375a869f
"processed water to lake, regionalized, VN",m3,kg,1000.0,added,c99712c5-6b27-4764-801b-30aafe4966da
"collected rainwater to river, regionalized, RU",m3,kg,1000.0,added,c9a4fcf6-93cb-4d9f-8bd7-21f5c55d607c
"river water to turbine, regionalized, UZ",m3,kg,1000.0,added,c9de646e-5061-4a46-b3ee-cfb6df74e58b
"river water to turbine, regionalized, SG",m3,kg,1000.0,added,c9f35b13-f96a-413e-bdd0-0f4a9564a2ae
"processed water to river, regionalized, PT",m3,kg,1000.0,added,ca1e28f2-c0d0-4719-b583-a5fc9ce1cce2
"river water, regionalized, GB",m3,kg,1000.0,added,caac53ab-3151-4f6a-aad7-41173211dc63
"river water, regionalized, SK",m3,kg,1000.0,added,cbdd897f-63d6-4c8b-a785-34bc353a9c83
"river water to turbine, regionalized, ZA",m3,kg,1000.0,added,cbeee770-f0ea-49f6-9edc-a1c1b7bb8a1b
"ground water, regionalized, CO",m3,kg,1000.0,added,cc5fefe9-7ee1-4639-8369-7c8fea1683c2
"ground water, regionalized, IE",m3,kg,1000.0,added,cc63cc54-70e0-49e6-87a2-854490820021
"turbined water to lake, regionalized, RO",m3,kg,1000.0,added,cccd42c7-b4a3-489d-acc2-b052938bb00c
"river water, regionalized, NG",m3,kg,1000.0,added,cd0056e8-96a2-4402-88aa-898da7d632e3
"turbined water to lake, regionalized, NG",m3,kg,1000.0,added,cd07fd8d-e774-446a-af60-13482867ac80
"collected rainwater to river, regionalized, SL",m3,kg,1000.0,added,cd4d69e9-2ab1-4975-b673-0b3e35bafe2f
"river water, regionalized, NZ",m3,kg,1000.0,added,cdb7853b-f7e9-49f9-85bf-c1d6b87f3fbe
"ground water, regionalized, EE",m3,kg,1000.0,added,ce029c36-b9c4-4cc5-982b-1b8d927fa074
"processed water to groundwater, regionalized, MX",m3,kg,1000.0,added,ce0c11f0-3671-4dbc-80bd-deb0b7dab453
"collected rainwater to lake, regionalized, IE",m3,kg,1000.0,added,ce5dc926-ca0e-41d6-88f4-eb02bac1475e
"ground water, regionalized, AT",m3,kg,1000.0,added,ce953a77-dcb2-4831-8c23-b85921ae8c81
"freshwater, OECD average scarcity",m3,kg,1000.0,added,ceaf2f45-5b08-4ba5-b669-c783e1940c82
"processed water to groundwater, regionalized, PL",m3,kg,1000.0,added,cec9ffb2-0bef-45e6-894b-293304755402
"cooling water to lake, regionalized, CZ",m3,kg,1000.0,added,ceceedae-9737-4628-8db2-4524328852a0
"turbined water to river, regionalized, IE",m3,kg,1000.0,added,ced5253d-4987-4f4e-9e81-3a167fe01828
"collected rainwater to lake, regionalized, NL",m3,kg,1000.0,added,ced9d7f9-3d85-4b7d-b9e8-48ab676fdafc
"cooling water to river, regionalized, RU",m3,kg,1000.0,added,cef6c282-1173-4857-ba3e-52bcb381ca4b
"ground water, regionalized, BG",m3,kg,1000.0,added,cf4a4c29-3e21-4ab9-80ac-ababc2330a07
"river water, regionalized, RO",m3,kg,1000.0,added,cfbac7fd-fba9-4daf-b6d9-56afd6df84bf
"river water to turbine, regionalized, PT",m3,kg,1000.0,added,cfe10115-9e26-43a5-8c1c-217f9c93701e
"ground water, regionalized, CL",m3,kg,1000.0,added,cfeacee9-8b9a-4759-be11-d21b8ee9091f
"lake water, regionalized, NG",m3,kg,1000.0,added,d016243e-3413-44f5-bb6f-2355bb2d7ccc
"collected rainwater to lake, regionalized, LV",m3,kg,1000.0,added,d083aad6-d38c-49f2-93b3-66b2c5b3f1e0
"lake water to turbine, regionalized, CL",m3,kg,1000.0,added,d11adcf8-bb62-4937-b2c8-f48b3af9d6a2
"lake water to turbine, regionalized, CZ",m3,kg,1000.0,added,d12b4319-0f55-43f7-9642-dda0ace47a0e
"processed water to river, regionalized, GB",m3,kg,1000.0,added,d1f1ecaa-ed09-41d0-bda2-ef95462348ab
"fresh water, regionalized, EE",m3,kg,1000.0,added,d1f87cc1-5de1-41e3-9e81-58e55d8c7e1d
"fresh water, regionalized, KZ",m3,kg,1000.0,added,d24a20c5-768b-48fd-ad13-e229cbcb797d
"collected rainwater to river, regionalized, CL",m3,kg,1000.0,added,d2b33206-e2f1-4d3c-bd77-7fcc96109ed2
"fresh water, regionalized, SK",m3,kg,1000.0,added,d2b8762b-9c8f-44b5-be57-b1478b21e925
"river water to turbine, regionalized, CI",m3,kg,1000.0,added,d2c914f4-e2f1-4702-ab9d-50149d554ee1
"cooling water to lake, regionalized, FI",m3,kg,1000.0,added,d41b63f5-cdc8-45b0-b61b-301820d42fec
"lake water to turbine, regionalized, CA",m3,kg,1000.0,added,d4e00290-bf2c-455e-8b85-9d3718dd4f95
"cooling water to river, regionalized, DE",m3,kg,1000.0,added,d5313b24-4aef-4cda-b931-ee506d11fdbc
"lake water to turbine, regionalized, NO",m3,kg,1000.0,added,d63576ff-5b5f-4cd4-85b4-a8197d7ff282
"processed water to lake, regionalized, LV",m3,kg,1000.0,added,d6cb71cc-706a-4408-9871-51a87963de5d
"cooling water to river, regionalized, IS",m3,kg,1000.0,added,d71cd467-bb6e-4730-a300-aa90fe68f80f
"collected rainwater to river, regionalized, HU",m3,kg,1000.0,added,d74c5141-92de-454f-9710-979417b3d3a7
"cooling water to river, regionalized, CI",m3,kg,1000.0,added,d74ca3e9-a930-4470-aee0-e78d0d7922fa
"cooling water to river, regionalized, NL",m3,kg,1000.0,added,d7ae75d6-8160-4370-a635-5e72b5cd6947
"processed water to groundwater, regionalized, AR",m3,kg,1000.0,added,d7b06eea-2f9e-4cc2-96b6-18d4555b7bf0
"processed water to lake, regionalized, NO",m3,kg,1000.0,added,d7b71f21-123e-4c23-88f1-22e9d4d178b5
"cooling water to lake, regionalized, BR",m3,kg,1000.0,added,d80e1dc3-47cc-48a4-bb76-3fe67c914da3
"processed water to lake, regionalized, VE",m3,kg,1000.0,added,d81b5a59-e373-4600-b59d-61de40eb592c
Water,kg,m3,0.0010,added,0342f5e5-b53e-4cec-9e67-fb197f24fff0
river water,kg,m3,0.0010,added,1729ef88-6556-11dd-ad8b-0800200c9a66
Water to Cooling,kg,m3,0.0010,added,21868f36-62ab-4e8e-98ed-7106228c17be
Water,kg,m3,0.0010,added,2461cd99-2340-41b0-a110-1709835dea3f
Water to Cooling,kg,m3,0.0010,added,2861065e-b62b-4d9d-869b-12db6d0b4801
Water,kg,m3,0.0010,added,3960d174-95af-41ac-a7f3-a946cd237245
water,kg,m3,0.0010,added,3e4d9e9e-6556-11dd-ad8b-0800200c9a66
water,kg,m3,0.0010,added,419682fe-60fb-4b43-be89-bf2824b51104
Water,kg,m3,0.0010,added,4b3fe20b-eae3-4963-8326-d3d32fbfeeff
Water (evapotranspiration),kg,m3,0.0010,added,4b772bba-b5c1-4098-9c1d-3d9d8c74c7fa
Water,kg,m3,0.0010,added,5cfda72a-b91b-4f7c-a8d4-1f8265d8cd4c
Water,kg,m3,0.0010,added,5e50fc01-19c6-4377-a1cc-bc65a12498ea
Water,kg,m3,0.0010,added,631ecf13-0e51-4e35-8235-c6f80c60d72c
Water from turbine,kg,m3,0.0010,added,73fb4dab-b979-4dcc-8616-2193fc154255
river water,kg,m3,0.0010,added,805a7346-1664-4483-afe3-4b224be5e361
Water,kg,m3,0.0010,added,896d1d1e-2b87-4a83-b209-11a2ea997b49
Water to turbine,kg,m3,0.0010,added,9575e5d0-f865-4ad1-9d98-6b0d6e275780
Water,kg,m3,0.0010,added,a3876d9b-a3e8-4680-861a-4e08642f1392
Water (rain water),kg,m3,0.0010,added,b9a77a95-26bb-465c-a558-b08f2cc7716c
"processed water to groundwater, regionalized, IN",m3,kg,1000.0,added,d87facd2-fbef-42d0-83ca-5bd260a8ca1a
"collected rainwater to lake, regionalized, BE",m3,kg,1000.0,added,d8b009b1-70e5-4360-a1f4-fab5850b26f0
"turbined water to lake, regionalized, BR",m3,kg,1000.0,added,d8c3a42f-abc3-48d5-92df-5960a957b7f1
"collected rainwater to river, regionalized, CZ",m3,kg,1000.0,added,d9044de9-a8f7-46e4-88ab-ed29099ba567
"lake water, regionalized, NZ",m3,kg,1000.0,added,d936e889-9936-41a4-b8dd-21ee368660a1
"fresh water, regionalized, NG",m3,kg,1000.0,added,d949861f-db34-48d2-a40f-89065957fb58
"ground water, moderate scarcity",m3,kg,1000.0,added,d99552c8-deed-4cf5-aa59-13c20290effe
"processed water to groundwater, regionalized, DK",m3,kg,1000.0,added,d9c02003-adc6-4136-8d1c-54123c677aa7
"cooling water to river, regionalized, BR",m3,kg,1000.0,added,da93d875-2ce8-47f2-9447-e53d27a6a694
"turbined water to river, regionalized, RS",m3,kg,1000.0,added,daa29b41-34d6-4a11-8d78-f240b64be468
"fresh water, regionalized, NL",m3,kg,1000.0,added,dad5419b-90a9-4273-a979-dfa644b31e07
"turbined water to lake, regionalized, AT",m3,kg,1000.0,added,db6842a0-6f96-4722-ad0d-bfe99ae9337d
"turbined water to river, regionalized, BE",m3,kg,1000.0,added,dbbf973f-3030-4feb-a7e4-e4dedd521501
"processed water to lake, regionalized, AT",m3,kg,1000.0,added,dc05d847-811c-4f28-aa0c-928c3d9adc60
"turbined water to lake, regionalized, MX",m3,kg,1000.0,added,dc080f0f-024b-4481-bf70-77c6d613dbf4
"processed water to groundwater, regionalized, NZ",m3,kg,1000.0,added,dc41006a-53e4-4fea-a986-4f843c975ada
"ground water, regionalized, NG",m3,kg,1000.0,added,dc41b5e6-ee6a-4245-a248-51f6019bc419
"turbined water to lake, regionalized, LK",m3,kg,1000.0,added,dc75c1b0-ec1f-4b8f-9691-ef557bb23e36
"collected rainwater to river, regionalized, IS",m3,kg,1000.0,added,dcc45bfe-5caf-4dad-9ac6-de9ff6a2c9cc
"processed water to river, regionalized, LU",m3,kg,1000.0,added,dce61e75-69fa-41e7-ab19-212e4da7bd0c
"cooling water to river, regionalized, PH",m3,kg,1000.0,added,dcec0799-de05-4570-8219-9961420620e8
"lake water, regionalized, VE",m3,kg,1000.0,added,ddd9538f-5f85-4966-bef7-5d1d0e8387b6
"river water, regionalized, RS",m3,kg,1000.0,added,df4035f3-c3a6-41d8-b514-faf2e24cb62b
Cooling water,m3,kg,1000.0,added,df413bba-3c03-412b-a80a-c6082b6b9b33
"collected rainwater to lake, regionalized, KZ",m3,kg,1000.0,added,df8477bb-fd84-40db-ae57-f4ad78cb84f3
"fresh water, regionalized, IT",m3,kg,1000.0,added,dfaa3bc8-e05d-4b1c-b990-fa8a419db2b5
"river water, regionalized, CN",m3,kg,1000.0,added,e0170e09-2532-4117-be9a-62c2e095b49b
"ground water, regionalized, ZA",m3,kg,1000.0,added,e04b7afa-532a-418f-b90a-0fb8042aa103
"fresh water, regionalized, CI",m3,kg,1000.0,added,e054b3c6-9cfc-4ac6-a9c8-b9afc42a757c
"fresh water, regionalized, HU",m3,kg,1000.0,added,e080d76f-2cc3-4a46-9b5a-84b0ee9cee61
"cooling water to river, regionalized, VE",m3,kg,1000.0,added,e0e7d698-7da2-4d08-a086-7c5499b81b1b
"processed water to groundwater, regionalized, IT",m3,kg,1000.0,added,e1058a9c-3d22-40ef-a5f9-af51fa26addd
"ground water, OECD average scarcity",m3,kg,1000.0,added,e142f6f0-b33e-4308-b279-93be78511559
"river water to turbine, regionalized, TH",m3,kg,1000.0,added,e1471876-d9b5-4c11-b8ed-52b3ea06aec7
"fresh water, regionalized, VN",m3,kg,1000.0,added,e1b2effe-f8c3-42df-a2e3-80aeb32a9ce7
"processed water to groundwater, regionalized, CH",m3,kg,1000.0,added,e1c46433-0ff6-4206-9e8d-8a28ffa08aa9
"processed water to groundwater, regionalized, JP",m3,kg,1000.0,added,e1ce68c8-b976-43b9-a4af-4fd3227716f1
"cooling water to lake, regionalized, VN",m3,kg,1000.0,added,e1d4029e-ade7-4545-9566-53fd6745ceda
"collected rainwater to river, regionalized, IE",m3,kg,1000.0,added,e295a3e2-54cf-4b54-bb7a-dd7efd7202e9
"ground water, regionalized, RS",m3,kg,1000.0,added,e2b0bf62-d08e-4299-a6cb-28f738657708
"processed water to river, regionalized, PH",m3,kg,1000.0,added,e2e0c2c8-df4d-48a7-befd-a558c368aba0
Water from cooling,kg,m3,0.0010,added,e2f7117d-06a4-49d8-9f5c-ae1a1f18ffb2
"lake water to turbine, regionalized, KR",m3,kg,1000.0,added,e32efb70-435c-4e29-a3c9-6a19ae7cb8ac
"lake water, regionalized, RU",m3,kg,1000.0,added,e33f7707-3cff-455f-a692-40973da2d293
"lake water, moderate scarcity",m3,kg,1000.0,added,e3eba595-a906-4498-ae55-3032e263956c
"turbined water to lake, regionalized, GB",m3,kg,1000.0,added,e43c6585-e781-47c1-8dc5-0919dd13a09e
"lake water to turbine, regionalized, NG",m3,kg,1000.0,added,e457ff45-6f8a-4cfa-b5bc-bd6570776a69
"processed water to lake, regionalized, IS",m3,kg,1000.0,added,e4649f74-a074-41f9-aa78-11c201c7ad31
"turbined water to lake, regionalized, PK",m3,kg,1000.0,added,e465cf51-fedd-42df-a69b-e063cb6dda42
"lake water to turbine, regionalized, CH",m3,kg,1000.0,added,e469ad89-0f86-4d20-bf00-b4e92566de06
"turbined water to lake, regionalized, IT",m3,kg,1000.0,added,e4fc0d19-e44a-4d47-bdd3-05a18cb9ead8
"processed water to lake, regionalized, SI",m3,kg,1000.0,added,e59a9ffa-faba-4be0-8f34-c45e73f94842
"collected rainwater to river, regionalized, CN",m3,kg,1000.0,added,e59e6ac3-14f6-45e2-8d9d-26b62b116c0f
"collected rainwater to river, regionalized, CA",m3,kg,1000.0,added,e5fbf8a4-3729-4b6f-80b8-f5d7ec05d4e8
"fresh water, regionalized, IS",m3,kg,1000.0,added,e601964f-a924-433d-bf38-eb4c43e84bac
"collected rainwater to lake, regionalized, CO",m3,kg,1000.0,added,e6f08bbb-c11f-45f1-b235-94f73f54b6a6
"processed water to river, regionalized, FI",m3,kg,1000.0,added,e6f9a003-b297-4f1e-bc23-a8f625053b98
"turbined water to river, regionalized, NZ",m3,kg,1000.0,added,e791408f-83f7-4cbf-aaa4-41c4c44a6ac9
"turbined water to river, regionalized, BA",m3,kg,1000.0,added,e7aa89c4-cd5b-4238-a819-8267236db28b
"processed water to river, regionalized, IE",m3,kg,1000.0,added,e7b97e2f-5d53-48fa-a5b0-c7c0bf8c4a27
"cooling water to lake, regionalized, PH",m3,kg,1000.0,added,e7de2b49-70c9-4c2c-93da-39cd1c9ec9ca
"river water, regionalized, ID",m3,kg,1000.0,added,e800d2d2-4edc-474f-8e2f-14f371fca29a
"ground water, regionalized, IN",m3,kg,1000.0,added,e84006b0-90ac-4491-91f0-5ca4078fa43c
"processed water to river, regionalized, TH",m3,kg,1000.0,added,e8429f35-6c36-49c3-8c0f-5bc672e93a37
"fresh water, regionalized, PK",m3,kg,1000.0,added,e86625a1-8443-4b59-82b2-74073301adbd
Water,kg,m3,0.0010,added,e8d69262-2e79-4122-9da8-fd9328da8d6b
"collected rainwater to lake, regionalized, NZ",m3,kg,1000.0,added,e9086282-9c54-4ecc-a2dd-da6a80bb8fd3
"collected rainwater to river, regionalized, VN",m3,kg,1000.0,added,e90c34dd-aed9-4aa3-aa33-09004e8a5ddf
"lake water to turbine, regionalized, NL",m3,kg,1000.0,added,e93e5b51-0b3e-494a-bf5e-a02d421eb8bb
"cooling water to lake, regionalized, SK",m3,kg,1000.0,added,e96ff489-22f0-410c-a26f-3ca75085e286
"ground water, regionalized, MX",m3,kg,1000.0,added,e970b1fc-bd94-45ce-b114-af08270d3344
"processed water to river, regionalized, AR",m3,kg,1000.0,added,e9a1ce72-ac7c-42b9-afd3-59283ad81ddb
"fresh water, regionalized, LK",m3,kg,1000.0,added,e9d01a9a-96cb-4674-b4e4-bf84d03097b1
"processed water to groundwater, regionalized, UA",m3,kg,1000.0,added,ea3481de-8488-4f82-92ce-09f1b52e70fc
"ground water, regionalized, PH",m3,kg,1000.0,added,ea3fe3fb-9987-4235-b8f5-a659e52acec9
"cooling water to lake, regionalized, EE",m3,kg,1000.0,added,ea428861-7ff1-4a21-b145-edecfe05d4e8
"river water, regionalized, NL",m3,kg,1000.0,added,ea4f6e4b-57c6-4d39-a850-7c924352e631
"fresh water, regionalized, CN",m3,kg,1000.0,added,ea742b4b-7ff8-4dc7-b151-9a93b7634785
"processed water to lake, regionalized, CO",m3,kg,1000.0,added,ea7e0ecf-a549-4ed4-a3dd-ba55e51a8c79
"processed water to lake, regionalized, RS",m3,kg,1000.0,added,eaa0ce7e-46a9-4ac2-ae07-2a893dbab14a
"fresh water, regionalized, GB",m3,kg,1000.0,added,eadaf4a1-d4c5-4b20-9236-32a0fda4b1ed
"cooling water to river, regionalized, LV",m3,kg,1000.0,added,eaeaf87a-b33b-497a-9596-31e8327274e3
"lake water to turbine, regionalized, RO",m3,kg,1000.0,added,eb6ea608-5582-48f1-b6a2-a7620faa9b27
"collected rainwater to lake, regionalized, RO",m3,kg,1000.0,added,ec51110a-50dd-4c17-8642-6d906b258642
"ground water, regionalized, DK",m3,kg,1000.0,added,ecb255be-670c-4eed-baba-44b6247c4014
"lake water, regionalized, LV",m3,kg,1000.0,added,ecc91e4b-3cbb-4bcf-9576-9964e32c181a
"cooling water to lake, regionalized, RS",m3,kg,1000.0,added,ed1a0b9d-27e9-4685-a085-d0e63f052e0c
"cooling water to river, regionalized, SL",m3,kg,1000.0,added,ed3598c8-e1f6-4014-8b98-ff5c633edbfc
"collected rainwater to lake, regionalized, CZ",m3,kg,1000.0,added,eda8416f-a337-43a6-8eea-c2cdfd77acb3
"turbined water to river, regionalized, MK",m3,kg,1000.0,added,edb770bd-8a97-4133-a5c0-324419fc4984
"collected rainwater to river, regionalized, SG",m3,kg,1000.0,added,edc8eeaa-7cbe-4015-98c5-98cbbb1469cd
"turbined water to river, regionalized, PK",m3,kg,1000.0,added,ede63854-41a9-46a2-8b49-d1dec55769b9
"cooling water to river, regionalized, UZ",m3,kg,1000.0,added,ee285976-6645-4365-b7f4-e56f4871a7fd
"turbined water to lake, regionalized, ZA",m3,kg,1000.0,added,efb4e9d0-b2ce-40fa-b289-8c55d96681d2
"turbined water to lake, regionalized, DE",m3,kg,1000.0,added,effb1c64-0f7f-4d37-9ca4-127c08114325
"river water, regionalized, IN",m3,kg,1000.0,added,f03379a8-b387-4ab7-bf06-4b524226a2ec
"cooling water to river, regionalized, IN",m3,kg,1000.0,added,f0677ade-d691-4ca9-a4d0-49b52dc77106
"collected rainwater to lake, regionalized, AR",m3,kg,1000.0,added,f0b0b30d-8c40-4261-8164-25a45f0c67a7
"lake water to turbine, regionalized, PK",m3,kg,1000.0,added,f124bccd-9c63-4a33-9704-8bd3822e53c9
"turbined water to lake, regionalized, MK",m3,kg,1000.0,added,f19d046b-591b-4a37-97aa-d95503cf4111
"fresh water, regionalized, PL",m3,kg,1000.0,added,f293b020-c096-4178-bd6e-15975ac4ccbe
"lake water to turbine, regionalized, MY",m3,kg,1000.0,added,f2a14625-4f26-4328-bd66-ae903944b5ec
"processed water to groundwater, regionalized, FR",m3,kg,1000.0,added,f37bf3f3-c8ab-4652-8f1f-46ae39f80946
"river water to turbine, regionalized, MY",m3,kg,1000.0,added,f39c03f5-3f2b-4055-81c1-9e3f1293b917
"river water, regionalized, DK",m3,kg,1000.0,added,f3a446b8-baa0-42dd-b550-1a47a7035159
"ground water, regionalized, GB",m3,kg,1000.0,added,f3d58528-965f-49b8-aca3-8722e54d00fe
"turbined water to river, regionalized, RO",m3,kg,1000.0,added,f405b160-346f-4957-b749-ec46a8eefd58
"river water, regionalized, SL",m3,kg,1000.0,added,f4541505-2671-4d91-8da3-66bdc90f9dad
"lake water to turbine, regionalized, DK",m3,kg,1000.0,added,f4e122a6-c6eb-4637-bbc6-95ace0a19c45
ground water,kg,m3,0.0010,added,f62266ab-2385-45b1-beb6-cbdbafaeb00b
"processed water to river, regionalized, CA",m3,kg,1000.0,added,f65b17e9-bdbb-4f3e-9e7e-94e20db046a9
"cooling water to river, regionalized, LK",m3,kg,1000.0,added,f7490f3e-59b3-46f0-aac2-904a2c7c7bad
"collected rainwater to river, regionalized, KZ",m3,kg,1000.0,added,f798711b-6984-4a81-b872-31acea20580d
"turbined water to lake, regionalized, SL",m3,kg,1000.0,added,f79eb03a-91cf-455d-b73b-431d19a39e16
"ground water, regionalized, HU",m3,kg,1000.0,added,f7d3e462-a43e-4b74-880c-b8133fefa4b2
"lake water to turbine, regionalized, CN",m3,kg,1000.0,added,f7d86013-f4aa-4d56-aac7-03c4a01c5152
"collected rainwater to lake, regionalized, CL",m3,kg,1000.0,added,f7f304bc-b71f-4bfc-9d61-33c50a571029
"collected rainwater to lake, regionalized, MK",m3,kg,1000.0,added,f7f65f1d-0d40-48bb-a04e-fe4954d469dc
"processed water to river, regionalized, FR",m3,kg,1000.0,added,f7f7f792-5e64-40c3-8a9a-7a73c0e347f9
"lake water, regionalized, SG",m3,kg,1000.0,added,f887c566-e290-4706-83b0-1523da7b16d5
"river water, regionalized, PK",m3,kg,1000.0,added,f8c28a84-08ab-45ac-8068-8b8b343ebd46
"lake water, regionalized, AU",m3,kg,1000.0,added,f95319ce-6d9d-4f52-bf8c-98c1561b84fe
"collected rainwater to lake, regionalized, ZA",m3,kg,1000.0,added,f989e897-3980-4752-870e-631a56a8fe01
"lake water, regionalized, MY",m3,kg,1000.0,added,f9f347f8-66b5-47e6-917f-d4cedd98e37d
"cooling water to river, regionalized, ZA",m3,kg,1000.0,added,fa0a5298-507c-469f-91f7-c99f3282d1b1
"river water, regionalized, IT",m3,kg,1000.0,added,fa19343e-bc7b-490b-8ec7-9436362d4796
"processed water to groundwater, regionalized, SK",m3,kg,1000.0,added,fa65642e-c625-40d2-a1b4-bde55a9e7f08
"lake water to turbine, regionalized, BG",m3,kg,1000.0,added,fa9470ee-6d4b-446e-a1c0-c7da7fdbc36b
"turbined water to lake, regionalized, BG",m3,kg,1000.0,added,fab725bd-1535-4f3f-b31c-a13fafce273f
"fresh water, regionalized, TH",m3,kg,1000.0,added,fb008e96-daae-46db-8fdf-949973cd1261
"river water, regionalized, LV",m3,kg,1000.0,added,fba5f9fc-7efe-4929-9ab2-45fd384c1c8b
"ground water, regionalized, MY",m3,kg,1000.0,added,fbca689b-3823-4afb-a1e9-a4e046d0681a
"ground water, regionalized, PT",m3,kg,1000.0,added,fc14fc47-db84-4522-969a-3bbcab18ef17
"freshwater, extreme scarcity",kg,m3,0.0010,added,fc3f76ab-afb1-4f23-994e-250533b62c9e
"river water to turbine, regionalized, IT",m3,kg,1000.0,added,fcaa8cbb-8989-41e0-8041-351f73280353
"fresh water, regionalized, UZ",m3,kg,1000.0,added,fccadecf-e27a-4f6b-be95-063e7c35b208
"lake water,  high scarcity",m3,kg,1000.0,added,fcddd887-3042-4dfa-95b2-7ffbc440a72d
ground water,m3,kg,1000.0,added,fe0acd60-3ddc-11dd-ae59-0050c2490048
lake water,kg,m3,0.0010,added,fe0acd60-3ddc-11dd-ae5a-0050c2490048
lake water,m3,kg,1000.0,added,fe0acd60-3ddc-11dd-ae5a-0050c2490048
"fresh water, regionalized, RU",m3,kg,1000.0,added,fe1d25ac-8d56-40c1-980e-16e21addf4cc
"Water (river water from technosphere, cooling water)",m3,kg,1000.0,added,fe8cb884-db2d-4a58-a00e-6979299f5de5
"lake water to turbine, regionalized, LK",m3,kg,1000.0,added,ff865cb7-d640-4727-a4ad-a0824754ad02
"river water, regionalized, KZ",m3,kg,1000.0,added,ff9cb647-69fb-4594-a43a-0e1bf25301a2
"river water to turbine, regionalized, NG",m3,kg,1000.0,added,ff9fb698-387b-46c2-a1c4-9fb8fbfc556d
Water,kg,m3,0.0010,added,09333058-7adb-4965-aa9f-7d7f7aa47de6
sea water,m3,kg,1000.0,added,172a3db9-6556-11dd-ad8b-0800200c9a66
"freshwater, high scarcity",kg,m3,0.0010,added,37702761-15ed-4cff-a726-7c752f867a86
freshwater,kg,m3,0.0010,added,6e70f994-480b-4836-a605-5f958a3d7ea4
Salt water (obsolete),kg,m3,0.0010,added,707cb3cb-f2bc-463d-a361-b0dc52ba800e
"Water, turbine use, unspecified natural origin",kg,m3,0.0010,added,7a845c58-e575-4729-b7f3-294013fd2172
"freshwater, low scarcity",kg,m3,0.0010,added,a35d84d7-1088-4781-954b-2a36a249a50f
"freshwater, very high scarcity",kg,m3,0.0010,added,bc92d2e1-b258-406d-a3a7-5bf9637f59ea
"freshwater, moderate scarcity",kg,m3,0.0010,added,c4498032-5c69-487a-897f-6ef4dc879a0b
"freshwater, medium scarcity",kg,m3,0.0010,added,ccd01e13-0f92-43ef-88b1-c95392b22abb
Water Cooling sea,m3,kg,1000.0,added,d7011fb9-34d8-413e-af24-110edf48e329
"Water, cooling, unspecified natural origin",kg,m3,0.0010,added,e412ed0d-8a14-4eea-a9f5-f966517360c0
